YEAR,COUNTRY,JANUARY,FEBRUARY,MARCH,APRIL,MAY,JUNE,JULY,AUGUST,SEPTEMBER,OCTOBER,NOVEMBER,DECEMBER,TOTAL UP TO END OF DECEMBER
2018,AFGHANISTAN,83,150,112,40,108,44,47,78,34,41,52,72,861
2019,AFGHANISTAN,49,47,59,38,2,12,47,54,50,22,55,38,473
2020,AFGHANISTAN,65,64,17,0,0,0,0,0,0,0,0,0,146
2021,AFGHANISTAN,0,0,1,1,1,1,0,1,4,0,1,5,15
2022,AFGHANISTAN,0,2,16,0,1,0,2,0,0,0,7,11,39
2023,AFGHANISTAN,9,2,1,1,24,6,30,41,21,5,25,16,181
2024,AFGHANISTAN,26,21,18,0,20,2,15,18,120,PENDING,PENDING,PENDING,
2018,ALBANIA,14,15,5,16,12,15,11,19,14,13,12,31,177
2019,ALBANIA,48,33,54,43,40,31,17,15,11,23,27,27,369
2020,ALBANIA,33,38,26,0,0,0,0,0,0,0,0,0,97
2021,ALBANIA,0,0,0,0,0,0,0,0,0,0,0,3,3
2022,ALBANIA,21,7,10,6,7,8,4,2,2,3,3,10,83
2023,ALBANIA,6,8,4,6,7,9,12,9,3,4,8,12,88
2024,ALBANIA,7,6,13,10,11,7,11,13,78,PENDING,PENDING,PENDING,
2018,ALGERIA,38,35,28,24,12,19,24,71,27,20,27,43,368
2019,ALGERIA,34,32,36,32,3,8,3,17,29,16,13,49,272
2020,ALGERIA,34,41,8,0,0,0,0,0,0,0,0,0,83
2021,ALGERIA,0,0,0,0,0,0,0,0,1,0,8,21,30
2022,ALGERIA,6,24,31,8,15,9,10,9,10,12,11,29,174
2023,ALGERIA,21,16,15,33,22,25,29,36,39,19,27,29,311
2024,ALGERIA,18,38,10,38,28,48,54,49,283,PENDING,PENDING,PENDING,
2018,ANDORRA,4,6,2,3,6,0,5,16,3,3,1,4,53
2019,ANDORRA,2,3,5,9,4,0,7,7,2,7,2,5,53
2020,ANDORRA,2,1,,0,0,0,0,0,0,0,0,0,3
2021,ANDORRA,0,0,1,0,0,0,0,0,0,0,3,1,5
2022,ANDORRA,0,1,3,0,2,1,2,13,0,0,0,3,25
2023,ANDORRA,4,1,1,3,2,2,7,15,4,7,1,6,53
2024,ANDORRA,3,6,10,1,7,6,20,25,78,PENDING,PENDING,PENDING,
2018,ANGOLA,0,1,2,1,0,0,0,0,2,1,1,1,9
2019,ANGOLA,4,2,0,0,0,0,0,0,3,5,2,1,17
2020,ANGOLA,1,1,1,0,0,0,0,0,0,0,0,0,3
2021,ANGOLA,0,0,0,0,0,0,0,0,0,1,1,0,2
2022,ANGOLA,2,2,3,2,0,0,1,0,3,0,0,0,13
2023,ANGOLA,0,0,1,1,0,0,1,1,0,0,1,5,10
2024,ANGOLA,8,0,2,1,5,0,0,2,18,PENDING,PENDING,PENDING,
2022,ANTARCTICA,0,0,0,0,0,0,0,0,0,0,0,1,1
2018,ANTIGUA AND BARBUDA,1,5,2,2,1,1,2,1,1,1,0,3,20
2019,ANTIGUA AND BARBUDA,1,2,7,2,0,0,0,2,0,0,5,0,19
2020,ANTIGUA AND BARBUDA,4,6,4,0,0,0,0,0,0,0,0,0,14
2021,ANTIGUA AND BARBUDA,0,1,0,0,0,0,0,0,0,0,2,1,4
2022,ANTIGUA AND BARBUDA,2,0,3,1,2,1,1,2,0,1,2,1,16
2023,ANTIGUA AND BARBUDA,4,2,2,3,1,0,1,6,3,0,2,3,27
2024,ANTIGUA AND BARBUDA,3,5,5,3,1,0,5,2,24,PENDING,PENDING,PENDING,
2018,ARGENTINA,236,254,271,300,122,50,71,54,92,87,169,103,1809
2019,ARGENTINA,192,158,190,267,42,33,47,43,44,53,142,192,1403
2020,ARGENTINA,224,140,52,0,0,0,0,0,0,0,0,0,416
2021,ARGENTINA,0,0,0,5,1,0,1,0,3,2,12,26,50
2022,ARGENTINA,29,25,38,27,14,7,8,4,4,17,40,55,268
2023,ARGENTINA,76,43,94,71,66,37,34,52,42,49,56,67,687
2024,ARGENTINA,141,79,120,102,44,51,50,43,630,PENDING,PENDING,PENDING,
2018,ARMENIA,180,87,75,66,53,87,105,102,123,88,79,165,1210
2019,ARMENIA,156,92,85,65,12,16,41,81,109,91,78,157,983
2020,ARMENIA,156,82,32,0,0,0,0,0,0,0,0,0,270
2021,ARMENIA,2,1,9,5,1,0,0,4,1,5,6,78,112
2022,ARMENIA,56,89,74,56,26,14,25,15,37,57,86,244,779
2023,ARMENIA,258,145,124,158,74,85,123,144,101,301,324,653,2490
2024,ARMENIA,510,264,326,128,60,71,128,136,1623,PENDING,PENDING,PENDING,
2023,ARUBA,0,0,0,0,1,0,0,0,0,0,0,1,2
2024,ARUBA,0,0,0,0,0,0,0,0,0,PENDING,PENDING,PENDING,
2018,AUSTRALIA,9452,5693,8932,14023,4873,9997,8801,8239,8746,6912,10299,14961,110928
2019,AUSTRALIA,10368,8810,11441,9565,2485,4410,5619,5985,6895,5562,7067,14467,92674
2020,AUSTRALIA,8115,9578,2590,0,0,0,0,0,0,0,0,0,20283
2021,AUSTRALIA,3,24,29,60,34,13,15,26,27,121,940,3129,4421
2022,AUSTRALIA,2814,1688,2359,3508,1660,2511,1974,1898,2309,2106,2939,5158,30924
2023,AUSTRALIA,3668,3113,4725,4996,4201,6195,5323,5522,5969,4977,7900,10847,67436
2024,AUSTRALIA,6645,6265,8852,7202,5465,6317,7371,6687,54804,PENDING,PENDING,PENDING,
2018,AUSTRIA,2833,3156,2573,1103,637,543,1642,1216,875,1036,1692,2014,19320
2019,AUSTRIA,2288,2709,1932,1656,144,251,848,667,502,543,1349,1824,14713
2020,AUSTRIA,1674,2024,602,0,0,0,0,0,0,0,0,0,4300
2021,AUSTRIA,5,19,38,32,9,8,47,55,44,151,267,827,1502
2022,AUSTRIA,788,1054,887,575,189,109,299,206,152,239,424,619,5541
2023,AUSTRIA,956,934,872,649,440,299,979,866,726,778,1212,1883,10594
2024,AUSTRIA,2385,2372,1674,1092,544,384,1722,1150,11323,PENDING,PENDING,PENDING,
2018,AZERBAIJAN,78,30,109,19,16,13,30,30,24,36,19,108,512
2019,AZERBAIJAN,53,64,151,17,15,9,32,24,20,15,35,81,516
2020,AZERBAIJAN,56,50,14,0,0,0,0,0,0,0,0,0,120
2021,AZERBAIJAN,0,2,7,2,0,0,7,0,1,0,16,53,88
2022,AZERBAIJAN,65,75,366,29,21,9,11,37,9,15,55,89,781
2023,AZERBAIJAN,115,64,343,120,54,71,191,156,82,94,195,194,1679
2024,AZERBAIJAN,163,157,469,101,39,83,150,97,1259,PENDING,PENDING,PENDING,
2018,BAHAMAS,1,4,4,24,6,1,0,5,3,0,0,0,48
2019,BAHAMAS,2,2,2,4,0,0,0,0,2,1,0,1,14
2020,BAHAMAS,0,4,1,0,0,0,0,0,0,0,0,0,5
2021,BAHAMAS,0,0,0,0,0,0,0,0,0,1,2,1,4
2022,BAHAMAS,0,0,0,0,0,1,0,0,0,0,1,0,2
2023,BAHAMAS,0,1,3,3,0,2,3,0,2,0,1,5,20
2024,BAHAMAS,0,0,4,0,0,3,3,0,10,PENDING,PENDING,PENDING,
2018,BAHRAIN,588,147,195,151,108,245,392,432,99,90,103,308,2858
2019,BAHRAIN,394,162,150,141,17,121,283,318,140,108,194,257,2285
2020,BAHRAIN,404,131,14,0,0,0,0,0,0,0,0,0,549
2021,BAHRAIN,0,0,8,2,13,0,3,5,0,6,10,81,128
2022,BAHRAIN,59,49,80,22,51,42,36,22,14,28,19,88,510
2023,BAHRAIN,134,35,56,86,78,171,204,176,52,54,82,104,1232
2024,BAHRAIN,122,81,29,85,68,197,162,140,884,PENDING,PENDING,PENDING,
2018,BANGLADESH,982,741,996,672,729,1030,857,1060,771,894,736,1019,10487
2019,BANGLADESH,946,731,848,593,186,509,631,804,693,665,626,1029,8261
2020,BANGLADESH,1014,760,212,0,0,0,0,0,0,0,0,0,1986
2021,BANGLADESH,0,6,3,5,6,2,31,19,235,273,372,544,1496
2022,BANGLADESH,302,259,451,155,249,129,176,168,338,417,511,662,3817
2023,BANGLADESH,717,531,612,960,1145,1072,1520,1533,1441,2456,2674,3185,17846
2024,BANGLADESH,2329,2389,1308,2354,2878,4374,4607,3877,24116,PENDING,PENDING,PENDING,
2018,BARBADOS,4,2,3,3,3,0,0,1,0,2,0,0,18
2019,BARBADOS,4,1,3,0,1,0,1,0,3,1,2,1,17
2020,BARBADOS,2,6,1,0,0,0,0,0,0,0,0,0,9
2021,BARBADOS,0,0,0,0,0,0,0,0,0,0,8,0,8
2022,BARBADOS,0,3,0,0,1,0,0,0,1,0,2,6,13
2023,BARBADOS,0,1,3,0,1,1,1,5,1,1,2,0,16
2024,BARBADOS,0,1,13,2,0,5,4,3,28,PENDING,PENDING,PENDING,
2018,BELARUS,802,942,666,286,128,122,71,96,174,256,500,578,4621
2019,BELARUS,997,930,914,142,31,24,46,88,75,225,662,662,4796
2020,BELARUS,1099,1101,438,0,0,0,0,0,0,0,0,0,2638
2021,BELARUS,30,44,23,14,0,0,0,7,13,36,120,359,646
2022,BELARUS,736,823,515,129,68,34,35,46,54,143,456,582,3621
2023,BELARUS,1204,1244,1399,627,428,441,453,497,778,824,1508,1566,10969
2024,BELARUS,2342,1884,1665,752,195,175,203,199,7415,PENDING,PENDING,PENDING,
2018,BELGIUM,1275,1449,1666,1211,494,785,3681,1994,1384,816,1045,1719,17519
2019,BELGIUM,1278,1681,1646,1626,153,561,2603,1508,1082,561,933,1316,14948
2020,BELGIUM,1243,1500,628,0,0,0,0,0,0,0,0,0,3371
2021,BELGIUM,0,7,9,22,1,3,17,54,61,152,318,639,1283
2022,BELGIUM,495,620,761,846,212,259,1115,475,316,274,279,512,6164
2023,BELGIUM,646,725,722,636,420,438,2259,1330,1061,666,769,995,10667
2024,BELGIUM,1313,1577,1565,914,549,872,3435,1751,11976,PENDING,PENDING,PENDING,
2018,BELIZE,2,1,1,2,0,0,1,1,0,6,0,2,16
2019,BELIZE,4,2,3,2,0,0,2,3,1,1,5,2,25
2020,BELIZE,2,3,0,0,0,0,0,0,0,0,0,0,5
2021,BELIZE,0,0,0,0,0,0,0,0,0,0,0,0,0
2022,BELIZE,1,0,1,0,0,0,0,0,0,0,0,0,2
2023,BELIZE,1,0,1,2,0,1,0,1,1,2,0,0,9
2024,BELIZE,1,2,4,2,0,1,4,1,15,PENDING,PENDING,PENDING,
2018,BENIN,1,0,0,0,0,0,1,1,2,1,1,4,11
2019,BENIN,0,0,1,1,0,1,1,0,0,1,2,0,7
2020,BENIN,0,2,0,0,0,0,0,0,0,0,0,0,2
2021,BENIN,0,0,0,0,0,0,0,0,1,0,0,0,1
2022,BENIN,0,0,0,1,0,0,0,0,0,0,0,0,1
2023,BENIN,1,0,0,1,0,0,0,1,3,1,0,3,10
2024,BENIN,0,0,0,1,2,1,1,0,5,PENDING,PENDING,PENDING,
2018,BHUTAN,110,72,37,42,30,41,49,48,38,29,47,136,679
2019,BHUTAN,37,74,25,9,11,12,23,13,23,43,38,35,343
2020,BHUTAN,137,69,2,0,0,0,0,0,0,0,0,0,208
2021,BHUTAN,0,0,1,0,1,0,0,0,0,0,2,1,5
2022,BHUTAN,30,11,6,2,1,3,3,30,8,5,31,9,139
2023,BHUTAN,32,19,24,25,21,39,41,60,32,39,33,68,433
2024,BHUTAN,135,67,68,24,52,33,29,51,459,PENDING,PENDING,PENDING,
2018,BOLIVIA,6,5,17,9,2,8,4,9,6,4,5,6,81
2019,BOLIVIA,4,2,4,3,0,0,2,2,3,2,1,7,30
2020,BOLIVIA,12,3,3,0,0,0,0,0,0,0,0,0,18
2021,BOLIVIA,0,0,2,0,0,0,0,0,0,0,16,0,18
2022,BOLIVIA,6,1,3,8,2,2,0,2,3,5,3,2,37
2023,BOLIVIA,0,1,6,4,5,2,2,2,0,5,3,4,34
2024,BOLIVIA,8,7,2,6,5,4,2,6,40,PENDING,PENDING,PENDING,
2018,BOSNIA AND HERZEGOVINA,20,45,25,18,8,16,15,9,13,19,30,43,261
2019,BOSNIA AND HERZEGOVINA,32,33,29,14,8,9,5,15,14,10,13,34,216
2020,BOSNIA AND HERZEGOVINA,30,21,17,0,0,0,0,0,0,0,0,0,68
2021,BOSNIA AND HERZEGOVINA,0,1,0,0,0,0,0,1,0,2,6,9,19
2022,BOSNIA AND HERZEGOVINA,15,27,28,11,5,1,0,4,0,2,5,6,104
2023,BOSNIA AND HERZEGOVINA,10,7,15,16,18,3,10,15,8,9,14,50,175
2024,BOSNIA AND HERZEGOVINA,37,66,17,18,15,10,18,19,200,PENDING,PENDING,PENDING,
2018,BOTSWANA,9,4,4,4,0,3,4,5,1,0,1,13,48
2019,BOTSWANA,7,4,2,2,2,2,2,2,0,2,3,9,37
2020,BOTSWANA,11,2,1,0,0,0,0,0,0,0,0,0,14
2021,BOTSWANA,0,0,1,1,0,0,0,0,0,0,0,0,2
2022,BOTSWANA,5,0,0,1,2,0,3,0,0,0,0,4,15
2023,BOTSWANA,4,1,2,3,7,3,11,2,2,2,3,21,61
2024,BOTSWANA,3,2,3,2,1,5,3,7,26,PENDING,PENDING,PENDING,
2018,BRAZIL,226,156,357,786,124,116,117,98,102,125,298,269,2774
2019,BRAZIL,330,233,310,637,46,74,122,75,115,106,318,598,2964
2020,BRAZIL,467,337,71,0,0,0,0,0,0,0,0,0,875
2021,BRAZIL,0,3,3,6,2,1,0,4,6,6,30,98,159
2022,BRAZIL,49,48,87,135,42,27,34,32,40,27,51,97,669
2023,BRAZIL,101,83,112,208,74,84,69,77,82,94,117,236,1337
2024,BRAZIL,236,212,159,239,106,111,134,129,1326,PENDING,PENDING,PENDING,
2018,BRUNEI,4,3,17,6,6,5,13,10,4,7,5,11,91
2021,BRUNEI,0,0,0,0,0,0,0,0,0,0,0,0,0
2019,BRUNEI DARUSSALAM,4,11,6,2,0,5,0,2,5,2,2,1,40
2020,BRUNEI DARUSSALAM,4,5,3,0,0,0,0,0,0,0,0,0,12
2022,BRUNEI DARUSSALAM,0,0,0,0,1,0,0,6,2,1,2,4,16
2023,BRUNEI DARUSSALAM,0,6,1,2,0,3,5,2,4,1,6,3,33
2024,BRUNEI DARUSSALAM,1,11,9,4,3,15,7,6,56,PENDING,PENDING,PENDING,
2018,BULGARIA,277,381,352,218,87,85,110,96,93,135,223,607,2664
2019,BULGARIA,341,478,375,246,49,196,67,75,67,121,268,391,2674
2020,BULGARIA,305,303,79,0,0,0,0,0,0,0,0,0,687
2021,BULGARIA,0,0,2,15,4,0,0,4,1,5,58,122,211
2022,BULGARIA,305,547,396,146,15,13,13,25,22,18,30,113,1643
2023,BULGARIA,134,325,283,150,18,16,45,46,60,94,234,555,1960
2024,BULGARIA,656,624,458,313,71,26,34,43,2225,PENDING,PENDING,PENDING,
2018,BURKINA FASO,2,1,0,4,1,0,1,1,3,2,0,4,19
2019,BURKINA FASO,0,1,4,0,0,0,1,1,2,1,0,2,12
2020,BURKINA FASO,0,1,0,0,0,0,0,0,0,0,0,0,1
2021,BURKINA FASO,0,0,0,0,0,0,0,0,0,2,0,0,2
2022,BURKINA FASO,1,0,0,0,0,0,0,0,0,0,0,0,1
2023,BURKINA FASO,0,1,0,1,4,0,0,1,0,2,0,0,9
2024,BURKINA FASO,0,0,0,1,1,0,0,0,2,PENDING,PENDING,PENDING,
2019,BURUNDI,1,1,,0,0,0,0,0,,0,0,1,3
2020,BURUNDI,0,0,0,0,0,0,0,0,0,0,0,0,0
2021,BURUNDI,0,1,0,0,0,0,0,0,0,0,1,0,2
2023,BURUNDI,0,2,0,0,0,0,1,2,2,2,2,1,12
2024,BURUNDI,0,0,1,0,1,1,0,1,4,PENDING,PENDING,PENDING,
2018,BURUNDI ,1,0,0,0,0,0,1,1,1,11,1,2,18
2018,CAMBODIA,85,85,103,142,84,38,51,35,37,28,64,19,771
2019,CAMBODIA,128,745,1592,20,48,27,41,22,36,22,94,66,2841
2020,CAMBODIA,146,152,74,0,0,0,0,0,0,0,0,0,372
2021,CAMBODIA,0,0,1,0,0,0,0,0,0,2,4,7,14
2022,CAMBODIA,21,22,2,4,6,2,14,3,8,12,43,20,157
2023,CAMBODIA,31,57,47,12,75,75,47,9,26,70,42,28,519
2024,CAMBODIA,42,41,531,162,82,50,24,25,957,PENDING,PENDING,PENDING,
2018,CAMEROON,2,0,1,1,0,4,2,2,4,5,2,1,24
2019,CAMEROON,0,1,1,1,0,1,1,2,1,2,1,1,12
2020,CAMEROON,3,2,1,0,0,0,0,0,0,0,0,0,6
2021,CAMEROON,0,0,0,0,0,0,0,0,0,1,1,2,4
2022,CAMEROON,1,1,2,0,0,0,0,2,0,1,0,0,7
2023,CAMEROON,8,3,0,0,2,2,2,2,1,4,3,1,28
2024,CAMEROON,1,4,4,1,0,0,2,0,12,PENDING,PENDING,PENDING,
2018,CANADA,5682,3999,5113,4972,3297,4676,6017,5440,2903,2406,3496,4680,52681
2019,CANADA,5840,6469,6011,3741,1575,2827,3826,4052,2438,2385,3053,6512,48729
2020,CANADA,5510,5482,1444,0,0,0,0,0,0,0,0,0,12436
2021,CANADA,17,71,120,144,69,67,178,594,265,688,1161,1705,5079
2022,CANADA,1666,1958,2989,2083,2013,2308,3458,2581,1552,1625,1994,2618,26845
2023,CANADA,3681,3107,4066,3310,3753,4509,5737,4735,2426,2302,2678,3640,43944
2024,CANADA,4126,3912,4034,3594,3294,3263,4821,3868,30912,PENDING,PENDING,PENDING,
2018,CAPE VERDE,1,0,0,0,0,0,2,1,1,0,0,1,6
2019,CAPE VERDE,0,0,1,0,0,0,0,0,1,2,2,0,6
2020,CAPE VERDE,1,1,0,0,0,0,0,0,0,0,0,0,2
2021,CAPE VERDE,0,0,0,0,0,0,0,0,0,0,0,0,0
2022,CAPE VERDE,2,2,1,1,0,0,0,0,0,0,0,0,6
2023,CAPE VERDE,0,0,0,1,0,0,1,0,0,0,0,0,2
2024,CAPE VERDE,0,0,0,0,0,0,1,1,2,PENDING,PENDING,PENDING,
2018,CENTRAL AFRICAN REPUBLIC,0,0,0,0,0,0,1,0,0,0,0,0,1
2020,CENTRAL AFRICAN REPUBLIC,0,0,,,,,,,,,,,
2021,CENTRAL AFRICAN REPUBLIC,0,0,0,0,0,1,0,0,0,0,0,0,1
2023,CENTRAL AFRICAN REPUBLIC,0,0,0,0,0,0,0,0,0,0,1,1,2
2024,CENTRAL AFRICAN REPUBLIC,0,0,29,0,0,0,1,1,31,PENDING,PENDING,PENDING,
2018,CHAD,0,0,0,0,0,0,1,1,0,0,2,0,4
2019,CHAD,0,0,4,0,0,1,1,0,,0,0,0,6
2020,CHAD,0,0,1,0,0,0,0,0,0,0,0,0,1
2021,CHAD,0,0,0,0,0,0,0,0,0,0,0,0,0
2022,CHAD,0,2,0,0,1,0,0,1,0,0,0,1,5
2023,CHAD,0,0,0,0,0,0,0,0,1,0,0,0,1
2024,CHAD,0,0,1,0,0,0,0,1,2,PENDING,PENDING,PENDING,
2018,CHILE,99,104,109,147,55,43,64,59,55,59,119,89,1002
2019,CHILE,132,204,85,100,33,24,36,29,59,41,65,130,938
2020,CHILE,128,117,26,0,0,0,0,0,0,0,0,0,271
2021,CHILE,0,1,0,0,0,0,0,0,0,3,4,15,23
2022,CHILE,29,14,30,12,16,5,7,4,7,12,23,23,182
2023,CHILE,26,45,27,45,33,42,27,28,19,30,31,41,394
2024,CHILE,56,61,77,53,42,32,36,42,399,PENDING,PENDING,PENDING,
2018,CHINA,24275,35929,21101,17462,17103,20424,27460,26558,19600,18882,18888,18283,265965
2019,CHINA,26414,28039,23759,14263,1589,3496,6926,9503,9231,11683,16312,16648,167863
2020,CHINA,22363,2096,1688,0,0,0,0,0,0,0,0,0,26147
2021,CHINA,27,117,223,475,237,176,167,178,176,182,201,258,2417
2022,CHINA,226,266,358,261,242,231,266,534,637,468,591,635,4715
2023,CHINA,835,1535,3096,5118,4173,5105,10062,9262,8445,6211,6673,8274,68789
2024,CHINA,11511,14836,12865,8518,7511,8575,13040,11333,88189,PENDING,PENDING,PENDING,
2018,COLOMBIA,52,59,72,88,33,32,53,52,43,52,53,113,702
2019,COLOMBIA,88,68,67,72,33,44,34,36,57,46,58,110,713
2020,COLOMBIA,88,72,41,0,0,0,0,0,0,0,0,0,201
2021,COLOMBIA,0,2,3,4,3,1,0,1,2,4,19,37,76
2023,COLOMBIA,36,38,46,56,33,42,22,52,49,30,56,79,539
2024,COLOMBIA,54,70,69,88,40,44,51,51,467,PENDING,PENDING,PENDING,
2018,COMOROS,8,5,14,10,9,9,47,36,16,15,20,2,191
2019,COMOROS,20,5,22,11,0,7,22,13,10,5,7,6,128
2020,COMOROS,6,9,2,0,0,0,0,0,0,0,0,0,17
2021,COMOROS,0,0,0,0,0,0,0,0,0,1,0,0,1
2023,COMOROS,3,3,3,3,5,12,16,6,7,1,5,2,66
2024,COMOROS,6,6,3,2,10,8,17,14,66,PENDING,PENDING,PENDING,
2018,CONGO,1,2,5,4,3,4,1,3,3,3,2,4,35
2019,CONGO,6,7,3,2,1,1,1,0,1,2,6,3,33
2020,CONGO,3,35,0,0,0,0,0,0,0,0,0,0,38
2021,CONGO,0,0,0,0,0,0,0,0,0,0,0,0,0
2022,CONGO,3,1,3,1,0,0,2,0,1,1,2,0,14
2023,CONGO,0,3,1,2,2,3,2,2,2,3,0,1,21
2024,CONGO,2,5,0,0,2,3,2,3,17,PENDING,PENDING,PENDING,
2018,COSTA RICA,9,20,14,13,3,3,0,15,26,6,3,20,132
2019,COSTA RICA,21,21,13,13,2,1,5,9,8,9,6,35,143
2020,COSTA RICA,9,24,0,0,0,0,0,0,0,0,0,0,33
2021,COSTA RICA,0,0,0,0,0,0,0,0,0,1,1,7,9
2022,COSTA RICA,4,11,7,5,1,1,0,2,0,0,3,6,40
2023,COSTA RICA,6,4,8,0,3,7,3,2,5,8,6,10,62
2024,COSTA RICA,20,14,11,11,7,3,3,2,71,PENDING,PENDING,PENDING,
2019,COTE DIVOIRE,0,3,1,7,2,1,3,2,4,0,3,8,34
2020,COTE DIVOIRE,1,1,0,0,0,0,0,0,0,0,0,0,2
2021,COTE DIVOIRE,0,1,0,1,0,0,0,0,0,0,0,0,2
2022,COTE DIVOIRE,0,0,0,0,0,0,1,0,0,0,0,0,1
2023,COTE DIVOIRE,2,2,0,0,0,1,0,1,0,3,1,0,10
2024,COTE DIVOIRE,0,1,2,0,0,0,0,1,4,PENDING,PENDING,PENDING,
2018,COTE D'IVOIRE,1,3,1,1,2,2,3,2,1,1,2,1,20
2018,CROATIA,481,276,209,163,92,70,129,125,83,112,147,294,2181
2019,CROATIA,452,289,218,186,30,38,64,94,66,73,147,265,1922
2020,CROATIA,331,250,81,0,0,0,0,0,0,0,0,0,662
2021,CROATIA,0,0,1,1,1,0,1,0,2,10,33,53,102
2022,CROATIA,60,67,73,23,8,8,13,8,8,8,21,41,338
2023,CROATIA,84,84,91,57,24,23,59,73,48,104,111,172,930
2024,CROATIA,281,249,200,70,35,23,78,133,1069,PENDING,PENDING,PENDING,
2018,CUBA,3,2,5,6,3,3,2,1,4,3,12,8,52
2019,CUBA,2,2,7,1,0,2,5,1,2,4,3,12,41
2020,CUBA,0,1,1,0,0,0,0,0,0,0,0,0,2
2021,CUBA,0,0,0,2,,0,0,0,0,0,0,4,6
2022,CUBA,1,1,4,7,1,1,2,0,0,0,0,2,19
2023,CUBA,5,1,12,2,6,2,2,2,1,4,7,6,50
2024,CUBA,6,1,10,1,1,10,4,6,39,PENDING,PENDING,PENDING,
2018,CYPRUS,55,53,51,45,43,44,91,98,37,32,51,72,672
2019,CYPRUS,68,66,73,68,17,26,56,114,32,27,44,118,709
2020,CYPRUS,99,53,31,0,0,0,0,0,0,0,0,0,183
2021,CYPRUS,0,0,1,1,3,1,0,9,4,3,12,27,61
2022,CYPRUS,39,25,48,54,11,17,19,73,19,19,28,38,390
2023,CYPRUS,51,41,67,81,28,49,112,282,15,59,71,95,951
2024,CYPRUS,91,62,67,112,31,57,191,307,918,PENDING,PENDING,PENDING,
2018,CZECH REPUBLIC,2257,3082,2674,1304,322,571,1050,637,889,688,1898,2228,17600
2019,CZECH REPUBLIC,2787,4449,3041,1370,167,380,997,585,663,700,1631,2434,19204
2020,CZECH REPUBLIC,2673,3646,1280,0,0,0,0,0,0,0,0,0,7599
2021,CZECH REPUBLIC,0,17,52,52,5,4,17,30,39,132,429,1087,1864
2022,CZECH REPUBLIC,1174,2055,1802,686,83,151,217,95,53,150,355,529,7350
2023,CZECH REPUBLIC,960,1206,1287,820,259,277,789,525,413,681,2373,2466,12056
2024,CZECH REPUBLIC,3484,3852,2988,1279,314,526,1133,822,14398,PENDING,PENDING,PENDING,
2018,DENMARK,3013,3228,2227,943,456,959,2951,925,576,994,943,2008,19223
2019,DENMARK,3059,3980,1845,1887,119,481,1741,497,416,636,763,1445,16869
2020,DENMARK,2176,2223,506,0,0,0,0,0,0,0,0,0,4905
2021,DENMARK,0,11,21,10,5,1,34,27,62,159,316,656,1302
2022,DENMARK,1013,1217,1187,1307,295,275,457,235,164,265,312,551,7278
2023,DENMARK,1081,1110,895,727,348,680,1721,552,472,556,764,1440,10346
2024,DENMARK,2542,2160,1497,822,410,714,2147,606,10898,PENDING,PENDING,PENDING,
2018,DJIBOUTI,1,1,4,1,0,0,0,0,0,1,0,1,9
2019,DJIBOUTI,1,0,0,0,0,0,1,4,0,1,1,1,9
2020,DJIBOUTI,1,2,,0,0,0,0,0,0,0,0,0,3
2021,DJIBOUTI,0,0,0,0,0,0,0,0,0,0,0,0,0
2022,DJIBOUTI,0,1,1,1,3,0,0,0,0,0,1,0,7
2023,DJIBOUTI,0,3,0,1,0,1,2,0,1,1,1,1,11
2024,DJIBOUTI,1,4,5,0,0,1,0,2,13,PENDING,PENDING,PENDING,
2018,DOMINICA,4,9,3,3,1,3,4,3,1,1,7,10,49
2019,DOMINICA,6,5,7,6,0,7,3,5,4,5,5,9,62
2020,DOMINICA,6,3,1,0,0,0,0,0,0,0,0,0,10
2021,DOMINICA,0,0,0,1,0,0,1,0,0,0,4,2,8
2022,DOMINICA,3,4,6,4,0,0,2,3,0,2,7,6,37
2023,DOMINICA,8,3,14,4,4,7,6,4,8,4,3,20,85
2024,DOMINICA,7,9,14,8,11,9,17,6,81,PENDING,PENDING,PENDING,
2020,DOMINICAN,3,0,,,,,,,,,,,
2018,DOMINICAN REPUBLIC,4,1,3,2,6,8,6,3,0,4,5,3,45
2019,DOMINICAN REPUBLIC,5,3,9,3,0,2,3,7,7,4,44,24,111
2021,DOMINICAN REPUBLIC,0,0,0,0,0,0,0,0,1,0,1,0,2
2022,DOMINICAN REPUBLIC,2,0,0,3,0,0,0,0,0,1,1,1,8
2023,DOMINICAN REPUBLIC,2,0,2,2,1,3,1,1,5,6,4,2,29
2024,DOMINICAN REPUBLIC,8,1,3,1,4,3,1,2,23,PENDING,PENDING,PENDING,
2018,ECUADOR,7,15,10,43,0,5,2,12,8,13,5,16,136
2019,ECUADOR,14,11,12,10,2,3,3,11,8,3,10,31,118
2020,ECUADOR,19,7,4,0,0,0,0,0,0,0,0,0,30
2021,ECUADOR,0,0,0,0,0,0,0,0,0,1,1,2,4
2022,ECUADOR,2,4,7,4,6,12,1,3,5,2,5,8,59
2023,ECUADOR,10,6,7,10,6,8,6,4,6,11,12,12,98
2024,ECUADOR,9,13,7,9,8,9,11,1,67,PENDING,PENDING,PENDING,
2018,EGYPT,433,281,278,254,161,278,466,391,230,225,339,518,3854
2019,EGYPT,320,304,364,487,85,168,221,296,265,290,423,485,3708
2020,EGYPT,404,400,152,0,0,0,0,0,0,0,0,0,956
2021,EGYPT,0,3,9,8,3,0,3,5,8,13,80,268,400
2022,EGYPT,217,453,445,170,211,84,136,41,53,173,137,220,2340
2023,EGYPT,127,241,185,309,164,260,292,239,189,269,344,472,3091
2024,EGYPT,396,476,99,458,223,365,326,265,2608,PENDING,PENDING,PENDING,
2018,EL SALVADOR,7,3,2,6,0,5,12,2,1,3,1,5,47
2019,EL SALVADOR,1,5,5,4,1,3,4,3,5,6,6,3,46
2020,EL SALVADOR,0,4,1,0,0,0,0,0,0,0,0,0,5
2021,EL SALVADOR,0,0,0,0,0,0,0,0,0,0,1,0,1
2022,EL SALVADOR,0,4,3,3,0,3,1,3,1,2,2,3,25
2023,EL SALVADOR,3,2,1,8,4,2,5,4,2,1,3,4,39
2024,EL SALVADOR,2,4,4,1,1,5,4,1,22,PENDING,PENDING,PENDING,
2020,EQUATORIAL GUINEA,0,0,,,,,,,,,,,
2021,EQUATORIAL GUINEA,0,0,0,0,0,0,0,0,0,0,0,0,0
2022,EQUATORIAL GUINEA,0,0,0,0,2,1,0,0,0,0,0,0,3
2024,EQUATORIAL GUINEA,0,0,0,6,0,0,0,0,6,PENDING,PENDING,PENDING,
2018,ERITREA,8,12,10,3,4,5,3,2,7,2,3,12,71
2019,ERITREA,3,3,6,3,1,4,4,1,2,8,5,2,42
2020,ERITREA,2,5,2,0,0,0,0,0,0,0,0,0,9
2021,ERITREA,0,0,0,0,0,0,0,1,0,0,2,4,7
2022,ERITREA,2,2,1,0,3,0,0,1,0,0,2,1,12
2023,ERITREA,2,0,3,2,4,3,1,4,1,1,1,0,22
2024,ERITREA,1,1,1,3,2,6,0,0,14,PENDING,PENDING,PENDING,
2018,ESTONIA,435,586,359,144,32,34,28,56,34,197,205,634,2744
2019,ESTONIA,501,559,268,143,17,11,39,19,23,167,156,613,2516
2020,ESTONIA,394,651,140,0,0,0,0,0,0,0,0,0,1185
2021,ESTONIA,0,3,8,22,0,1,0,1,0,31,50,260,376
2022,ESTONIA,185,285,210,64,12,5,8,2,10,58,28,111,978
2023,ESTONIA,182,193,197,60,35,19,15,26,47,99,229,706,1808
2024,ESTONIA,910,898,690,236,11,30,24,15,2814,PENDING,PENDING,PENDING,
2018,ETHIOPIA,18,19,24,12,28,9,22,17,10,13,21,14,207
2019,ETHIOPIA,9,11,19,16,3,11,9,15,9,7,16,14,139
2020,ETHIOPIA,9,21,6,0,0,0,0,0,0,0,0,0,36
2021,ETHIOPIA,0,0,0,3,0,0,0,0,0,6,5,5,19
2022,ETHIOPIA,3,4,5,3,11,6,3,0,2,3,2,14,56
2023,ETHIOPIA,8,6,1,9,5,12,19,6,13,11,12,19,121
2024,ETHIOPIA,8,6,10,17,6,13,11,14,85,PENDING,PENDING,PENDING,
2021,EUROPEAN UNION,0,0,0,0,0,0,0,0,0,1,0,0,1
2018,FIJI,19,5,18,6,10,10,16,17,17,12,13,16,159
2019,FIJI,23,17,17,13,5,7,10,5,10,10,14,13,144
2020,FIJI,34,49,3,0,0,0,0,0,0,0,0,0,86
2021,FIJI,0,0,0,0,0,3,0,0,0,0,5,4,12
2022,FIJI,0,0,6,0,1,1,3,3,8,4,3,19,48
2023,FIJI,6,5,17,4,8,9,18,18,6,16,19,40,166
2024,FIJI,16,9,11,26,13,9,9,7,100,PENDING,PENDING,PENDING,
2018,FINLAND,1854,1499,1036,371,230,298,242,211,231,368,688,1860,8888
2019,FINLAND,1589,1668,1007,364,58,167,153,112,104,216,446,1144,7028
2020,FINLAND,986,1037,275,0,0,0,0,0,0,0,0,0,2298
2021,FINLAND,0,2,7,10,5,0,1,4,20,32,65,195,341
2022,FINLAND,271,298,181,169,45,95,59,40,28,78,77,159,1500
2023,FINLAND,257,204,173,123,93,116,106,61,132,197,352,473,2287
2024,FINLAND,737,666,464,238,159,130,94,100,2588,PENDING,PENDING,PENDING,
2018,FRANCE,12221,16871,14818,7411,3721,3688,11303,11016,4316,4784,6825,9475,106449
2019,FRANCE,11892,17295,13957,9148,1120,1989,7142,7087,2929,3383,4857,6824,87623
2020,FRANCE,9352,11430,4056,0,0,0,0,0,0,0,0,0,24838
2021,FRANCE,4,40,72,84,27,654,147,248,181,624,1447,3021,6549
2022,FRANCE,3616,5699,5741,4035,1076,1717,3567,2784,1201,1540,1841,2665,35482
2023,FRANCE,4840,6118,5786,5535,2414,2895,7432,6223,2661,2956,3882,5509,56251
2024,FRANCE,9919,12503,10960,8792,4064,3102,9405,8596,67341,PENDING,PENDING,PENDING,
2018,GABON,0,2,0,0,0,1,1,1,0,0,0,0,5
2019,GABON,1,0,0,0,0,0,0,1,1,0,0,2,5
2020,GABON,1,,,0,0,0,0,0,0,0,0,0,1
2021,GABON,0,0,0,0,0,0,0,0,0,0,0,1,1
2022,GABON,0,0,1,1,0,0,0,0,0,0,1,0,3
2023,GABON,1,0,0,0,0,1,0,0,0,0,0,0,2
2024,GABON,0,0,0,0,0,0,0,0,0,PENDING,PENDING,PENDING,
2018,GAMBIA,1,1,0,0,1,1,1,2,0,0,0,1,8
2019,GAMBIA,1,0,1,0,1,0,0,0,1,2,1,0,7
2020,GAMBIA,0,1,1,0,0,0,0,0,0,0,0,0,2
2021,GAMBIA,0,0,0,0,0,0,0,0,0,0,0,0,0
2022,GAMBIA,0,0,0,1,0,0,0,0,0,0,0,0,1
2023,GAMBIA,0,1,0,1,0,0,0,2,2,4,1,7,18
2024,GAMBIA,0,2,0,2,4,2,1,3,14,PENDING,PENDING,PENDING,
2018,GEORGIA,85,82,63,82,44,26,37,35,79,48,56,60,697
2019,GEORGIA,102,64,53,26,18,23,39,34,26,58,66,56,565
2020,GEORGIA,102,108,26,0,0,0,0,0,0,0,0,0,236
2021,GEORGIA,0,0,1,9,0,0,0,4,2,14,23,60,113
2022,GEORGIA,106,168,67,28,64,61,24,70,28,40,71,65,792
2023,GEORGIA,164,128,102,87,51,44,24,45,19,88,79,83,914
2024,GEORGIA,216,187,148,132,39,26,30,26,804,PENDING,PENDING,PENDING,
2018,GERMANY,15298,17066,24423,10803,6906,5792,10825,10809,9668,9920,18754,16624,156888
2019,GERMANY,14027,17268,18134,16930,1767,3312,8385,7667,6396,7820,20844,12349,134899
2020,GERMANY,11494,16405,6608,0,0,0,0,0,0,0,0,0,34507
2021,GERMANY,19,245,502,383,222,137,215,515,466,1196,2667,5875,12442
2022,GERMANY,5339,7780,9561,6088,2208,2466,3666,3251,2149,2881,5169,4984,55542
2023,GERMANY,8217,7930,9702,7404,6854,5090,8013,8472,7231,7548,12331,13747,102539
2024,GERMANY,13593,16259,18324,9843,7495,4556,10618,10623,91311,PENDING,PENDING,PENDING,
2018,GHANA,9,6,13,10,8,9,8,6,14,22,15,7,127
2019,GHANA,8,6,13,29,4,1,3,8,11,4,13,8,108
2020,GHANA,3,5,1,0,0,0,0,0,0,0,0,0,9
2021,GHANA,0,0,0,0,1,0,0,0,0,1,1,1,4
2022,GHANA,2,3,0,0,1,1,3,2,0,0,10,7,29
2023,GHANA,1,5,3,1,5,3,1,0,5,3,14,2,43
2024,GHANA,3,4,4,3,1,0,4,4,23,PENDING,PENDING,PENDING,
2018,GREECE,644,573,770,704,620,489,570,763,511,524,726,884,7778
2019,GREECE,766,694,643,619,419,387,475,515,495,507,539,921,6980
2020,GREECE,598,618,357,0,0,0,0,0,0,0,0,0,1573
2021,GREECE,0,1,3,4,2,0,3,3,14,14,46,159,249
2022,GREECE,78,150,102,145,25,16,40,49,27,52,41,174,899
2023,GREECE,151,163,143,148,48,38,101,307,51,135,187,344,1816
2024,GREECE,264,264,305,306,133,82,119,339,1812,PENDING,PENDING,PENDING,
2018,GRENADA,1,1,0,3,2,3,0,0,0,1,2,2,15
2019,GRENADA,0,2,2,0,0,0,0,0,1,0,1,0,6
2020,GRENADA,3,5,8,0,0,0,0,0,0,0,0,0,16
2021,GRENADA,0,0,0,0,0,0,0,0,0,0,1,0,1
2022,GRENADA,0,0,3,0,0,3,2,1,3,1,0,1,14
2023,GRENADA,0,2,0,0,1,0,0,2,2,3,3,2,15
2024,GRENADA,1,0,2,2,0,5,2,5,17,PENDING,PENDING,PENDING,
2022,GUAM,0,2,0,0,0,0,0,0,0,0,0,0,2
2018,GUATEMALA,9,4,5,5,4,3,5,6,7,6,3,3,60
2019,GUATEMALA,7,8,9,6,0,4,2,5,3,4,15,6,69
2020,GUATEMALA,6,1,0,0,0,0,0,0,0,0,0,0,7
2021,GUATEMALA,0,0,0,0,0,0,0,0,3,0,3,0,6
2022,GUATEMALA,0,3,2,8,0,0,,0,0,0,1,2,16
2023,GUATEMALA,1,4,8,1,1,0,4,2,6,5,10,6,48
2024,GUATEMALA,2,10,2,6,6,5,1,3,35,PENDING,PENDING,PENDING,
2019,GUINEA,0,2,0,1,0,0,1,0,4,2,2,0,12
2020,GUINEA,1,0,0,0,0,0,0,0,0,0,0,0,1
2020,GUINEA,,,0,0,0,0,0,0,0,0,0,0,0
2021,GUINEA,0,0,0,1,0,0,0,0,0,0,0,0,1
2023,GUINEA,1,0,1,0,0,1,2,0,0,1,1,1,8
2024,GUINEA,0,2,0,2,1,5,0,2,12,PENDING,PENDING,PENDING,
2018,GUINEA- BISSAU,1,0,0,0,0,0,0,3,1,1,1,4,11
2019,GUINEA-BISSAU,0,2,0,0,0,0,0,0,1,0,1,0,4
2020,GUINEA-BISSAU,0,0,0,0,0,0,0,0,0,0,0,0,0
2021,GUINEA-BISSAU,0,0,0,0,0,0,1,0,0,0,0,0,1
2022,GUINEA-BISSAU,0,0,0,0,0,0,0,0,0,0,0,1,1
2024,GUINEA-BISSAU,0,0,1,0,0,0,1,0,2,PENDING,PENDING,PENDING,
2018,GUYANA,0,2,9,2,1,0,2,2,0,0,4,0,22
2019,GUYANA,6,1,1,1,0,0,0,0,1,2,0,0,12
2020,GUYANA,0,5,4,0,0,0,0,0,0,0,0,0,9
2021,GUYANA,0,0,0,0,0,0,0,0,0,0,3,2,5
2022,GUYANA,0,0,4,2,0,0,0,1,0,0,1,1,9
2023,GUYANA,0,0,2,0,1,1,0,3,1,2,3,1,14
2024,GUYANA,0,1,4,0,0,3,1,2,11,PENDING,PENDING,PENDING,
2018,HAITI,1,1,2,0,0,1,1,1,2,0,1,0,10
2019,HAITI,1,0,1,3,0,0,1,0,0,0,1,2,9
2020,HAITI,2,1,0,0,0,0,0,0,0,0,0,0,3
2021,HAITI,0,0,0,0,0,0,0,0,0,0,0,0,0
2022,HAITI,0,0,0,1,0,0,0,0,0,0,0,0,1
2023,HAITI,3,1,1,0,0,1,1,0,0,1,2,2,12
2024,HAITI,1,0,0,0,0,1,2,0,4,PENDING,PENDING,PENDING,
2018,HONDURAS,9,3,5,0,5,2,3,3,4,8,2,5,49
2019,HONDURAS,16,8,4,4,9,4,2,5,2,1,11,10,76
2020,HONDURAS,7,6,1,0,0,0,0,0,0,0,0,0,14
2021,HONDURAS,0,0,0,1,0,0,0,0,0,0,0,0,1
2022,HONDURAS,1,2,0,0,0,0,1,0,2,0,2,2,10
2023,HONDURAS,3,1,6,1,2,2,1,1,3,1,6,2,29
2024,HONDURAS,1,1,1,2,2,0,2,2,11,PENDING,PENDING,PENDING,
2018,HONG KONG,2,4,3,1,0,1,3,3,4,4,0,0,25
2019,HONG KONG,0,2,0,6,0,1,0,1,0,0,0,1,11
2020,HONG KONG,8,0,2,0,0,0,0,0,0,0,0,0,10
2021,HONG KONG,0,0,0,0,0,0,0,0,0,0,0,0,0
2022,HONG KONG,0,0,0,0,0,0,0,0,0,0,0,1,1
2018,HUNGARY,894,870,517,231,103,138,163,183,147,337,301,630,4514
2019,HUNGARY,845,856,623,267,66,53,102,90,99,169,322,599,4091
2020,HUNGARY,758,655,175,0,0,0,0,0,0,0,0,0,1588
2021,HUNGARY,0,6,6,7,0,0,2,3,12,24,63,322,445
2022,HUNGARY,425,502,508,217,33,47,42,17,31,66,136,300,2324
2023,HUNGARY,400,405,403,189,72,98,200,166,97,211,505,1040,3786
2024,HUNGARY,1544,1311,585,237,78,160,210,261,4386,PENDING,PENDING,PENDING,
2018,ICELAND,51,63,44,39,11,18,51,31,23,21,39,55,446
2019,ICELAND,65,112,57,29,10,10,12,8,13,33,47,31,427
2020,ICELAND,48,38,28,0,0,0,0,0,0,0,0,0,114
2021,ICELAND,0,0,1,0,0,0,0,1,0,6,15,18,41
2022,ICELAND,21,22,18,21,4,23,11,1,2,5,6,29,163
2023,ICELAND,33,25,16,14,16,11,27,5,16,17,19,39,238
2024,ICELAND,41,28,26,16,22,6,29,21,189,PENDING,PENDING,PENDING,
2018,INDIA,37936,32914,30583,29860,42073,32971,31032,32115,32300,38169,39137,45797,424887
2019,INDIA,40049,32286,34812,23431,11246,15048,18309,37568,28917,33217,31677,48442,355002
2020,INDIA,41448,35309,12600,0,0,0,0,0,0,0,0,0,89357
2021,INDIA,17,79,183,796,39,5,8,405,8528,8406,14236,23566,56268
2022,INDIA,11751,12744,23216,8678,5562,6810,6031,5340,6493,8862,10167,17350,123004
2023,INDIA,13759,13714,18959,19915,23016,26830,23461,30593,30063,28222,30339,43973,302844
2024,INDIA,34399,30027,31853,27304,32254,28631,41173,33031,258672,PENDING,PENDING,PENDING,
2018,INDONESIA,535,350,589,352,470,349,468,471,381,472,414,514,5365
2019,INDONESIA,490,484,532,256,227,278,339,479,519,454,318,543,4919
2020,INDONESIA,401,515,198,0,0,0,0,0,0,0,0,0,1114
2021,INDONESIA,3,5,3,6,1,9,21,96,245,473,806,188,1856
2022,INDONESIA,75,81,112,56,72,45,30,36,71,70,103,134,885
2023,INDONESIA,138,175,133,173,142,200,249,208,184,256,217,277,2352
2024,INDONESIA,224,320,257,248,218,272,275,291,2105,PENDING,PENDING,PENDING,
2018,IRAN,507,439,1716,239,268,332,710,580,230,255,196,248,5720
2019,IRAN,204,326,1025,205,51,73,104,117,253,394,220,277,3249
2020,IRAN,330,293,25,0,0,0,0,0,0,0,0,0,648
2021,IRAN,0,0,65,4,3,2,6,7,7,16,106,181,397
2022,IRAN,260,303,2235,227,102,79,35,88,214,190,206,362,4301
2023,IRAN,435,791,3738,420,259,330,264,279,1593,530,783,900,10322
2024,IRAN,688,919,3589,426,280,318,339,883,7442,PENDING,PENDING,PENDING,
2018,IRAQ,81,157,41,40,38,134,78,124,126,38,70,94,1021
2019,IRAQ,95,54,113,58,7,23,64,133,49,76,92,88,852
2020,IRAQ,71,52,15,0,0,0,0,0,0,0,0,0,138
2021,IRAQ,0,0,3,1,3,0,8,0,2,39,91,115,262
2022,IRAQ,72,171,236,71,120,40,98,59,18,44,39,145,1113
2023,IRAQ,63,92,64,84,58,85,100,103,73,49,37,94,902
2024,IRAQ,54,74,21,58,101,93,119,172,692,PENDING,PENDING,PENDING,
2018,IRELAND,975,839,1470,922,384,710,1104,823,758,635,890,1320,10830
2019,IRELAND,1067,1110,1224,1105,111,256,417,472,315,484,627,1066,8254
2020,IRELAND,948,1084,262,0,0,0,0,0,0,0,0,0,2294
2021,IRELAND,0,18,15,17,8,1,7,9,19,49,86,330,559
2022,IRELAND,217,375,746,603,191,137,172,80,52,101,139,243,3056
2023,IRELAND,244,287,463,490,186,423,517,380,293,512,489,852,5136
2024,IRELAND,797,874,1008,846,315,673,715,586,5814,PENDING,PENDING,PENDING,
2021,ISLE OF MAN,0,0,0,0,0,0,0,0,0,0,0,1,1
2018,ISRAEL,1321,1253,1255,513,399,699,1345,1976,2778,466,703,1125,13833
2019,ISRAEL,1899,1532,1077,1266,308,429,1245,1785,1576,1411,760,1482,14770
2020,ISRAEL,1688,1539,329,0,0,0,0,0,0,0,0,0,3556
2021,ISRAEL,0,1,14,33,8,3,22,78,147,110,624,684,1724
2022,ISRAEL,707,1587,1007,1228,150,212,404,643,826,557,548,1457,9326
2023,ISRAEL,1868,2188,1765,1432,863,856,1919,3396,4162,460,187,421,19517
2024,ISRAEL,773,1988,2212,3169,1506,1515,2962,3248,17373,PENDING,PENDING,PENDING,
2018,ITALY,5348,4843,4157,2266,1058,1367,3247,5747,1654,1540,1976,5176,38379
2019,ITALY,6433,5363,4309,3303,452,675,1431,3340,1016,947,3917,4961,36147
2020,ITALY,4454,3743,406,0,0,0,0,0,0,0,0,0,8603
2021,ITALY,2,23,34,43,29,16,32,54,47,160,313,556,1309
2022,ITALY,503,553,730,584,329,506,650,937,352,480,619,1206,7449
2023,ITALY,1477,1409,1272,1384,680,1265,2370,5110,1257,967,1662,3389,22242
2024,ITALY,3485,3194,2502,2245,1010,1792,3630,9586,27444,PENDING,PENDING,PENDING,
2018,JAMAICA,9,7,22,8,6,7,7,14,7,4,4,7,102
2019,JAMAICA,2,7,14,12,0,2,7,3,1,2,0,8,58
2020,JAMAICA,7,18,0,0,0,0,0,0,0,0,0,0,25
2021,JAMAICA,0,0,1,0,0,0,0,0,0,0,2,5,8
2022,JAMAICA,2,0,4,2,0,1,0,1,1,0,0,2,13
2023,JAMAICA,1,1,4,6,3,7,3,7,3,7,5,10,57
2024,JAMAICA,4,11,18,1,7,12,7,5,65,PENDING,PENDING,PENDING,
2018,JAPAN,4694,5263,4629,3512,4229,3074,3798,5625,4480,2831,2658,4657,49450
2019,JAPAN,3553,4878,4611,2203,578,880,1311,2428,2250,1832,1825,3730,30079
2020,JAPAN,2917,3015,712,0,0,0,0,0,0,0,0,0,6644
2021,JAPAN,1,9,12,19,8,11,7,9,9,45,103,159,392
2022,JAPAN,92,122,226,249,158,148,169,294,226,318,377,708,3087
2023,JAPAN,744,974,1042,2318,876,1017,1454,2604,1830,1295,2875,2554,19583
2024,JAPAN,1993,2666,2575,1949,1581,1666,2202,4102,18734,PENDING,PENDING,PENDING,
2018,JORDAN,366,254,299,241,117,268,230,314,200,181,294,392,3156
2019,JORDAN,370,240,295,342,23,161,182,268,146,193,348,517,3085
2020,JORDAN,361,206,60,0,0,0,0,0,0,0,0,0,627
2021,JORDAN,0,4,34,14,12,17,10,16,8,61,183,323,682
2022,JORDAN,224,230,363,135,207,79,242,154,145,181,177,335,2472
2023,JORDAN,261,227,245,376,249,396,545,389,242,218,152,304,3604
2024,JORDAN,180,227,85,313,149,373,275,173,1775,PENDING,PENDING,PENDING,
2018,KAZAKHSTAN,674,407,370,158,73,67,112,77,132,86,134,431,2721
2019,KAZAKHSTAN,509,327,266,109,13,32,41,35,58,91,220,698,2399
2020,KAZAKHSTAN,1182,673,478,0,0,0,0,0,0,0,0,0,2333
2021,KAZAKHSTAN,1,1231,1514,440,2,0,2,7,3,7,85,2462,5754
2022,KAZAKHSTAN,2041,2821,2598,122,28,22,12,13,27,27,95,262,8068
2023,KAZAKHSTAN,470,328,972,159,75,96,106,75,91,166,193,2399,5130
2024,KAZAKHSTAN,3350,2682,2266,152,65,96,168,71,8850,PENDING,PENDING,PENDING,
2018,KENYA,64,35,48,49,59,44,95,61,55,111,58,195,874
2019,KENYA,68,58,41,52,16,24,37,615,427,30,59,132,1559
2020,KENYA,45,50,15,0,0,0,0,0,0,0,0,0,110
2021,KENYA,0,0,1,1,0,0,0,1,1,7,7,21,39
2022,KENYA,19,19,42,20,12,12,5,9,6,15,29,42,230
2023,KENYA,23,40,51,52,24,35,44,106,40,42,30,126,613
2024,KENYA,42,64,80,45,45,29,128,54,487,PENDING,PENDING,PENDING,
2018,KIRIBATI,1,0,0,0,0,1,1,0,0,0,0,0,3
2019,KIRIBATI,0,0,0,2,0,0,0,0,2,1,0,0,5
2023,KIRIBATI,0,0,0,0,0,2,0,0,0,0,0,0,2
2024,KIRIBATI,0,0,1,0,0,0,0,0,1,PENDING,PENDING,PENDING,
2019,KOSOVAR,1,9,0,1,0,0,1,3,5,3,4,4,31
2020,KOSOVAR,11,5,0,0,0,0,0,0,0,0,0,0,16
2021,KOSOVAR,0,1,0,0,0,0,1,0,0,0,3,1,6
2022,KOSOVAR,2,0,3,3,0,1,1,0,0,1,1,1,13
2023,KOSOVAR,1,0,3,6,9,0,5,2,3,2,3,4,38
2024,KOSOVAR,1,4,3,3,5,2,1,1,20,PENDING,PENDING,PENDING,
2018,KOSOVO,0,3,2,8,0,1,5,3,6,0,0,4,32
2018,KUWAIT,545,403,240,249,143,226,335,599,154,157,201,213,3465
2019,KUWAIT,545,467,246,247,37,159,331,520,98,123,135,331,3239
2020,KUWAIT,465,326,34,0,0,0,0,0,0,0,0,0,825
2021,KUWAIT,0,0,3,3,0,0,1,3,4,20,34,98,166
2022,KUWAIT,36,204,131,49,118,45,78,53,43,58,41,96,952
2023,KUWAIT,162,219,101,191,99,183,259,293,147,85,66,150,1955
2024,KUWAIT,231,222,59,225,77,231,198,207,1450,PENDING,PENDING,PENDING,
2018,KYRGYZSTAN,109,46,107,10,17,28,28,14,18,18,17,47,459
2019,KYRGYZSTAN,91,43,54,36,8,7,11,17,21,13,12,84,397
2020,KYRGYZSTAN,122,75,24,0,0,0,0,0,0,0,0,0,221
2021,KYRGYZSTAN,0,1,2,0,7,0,0,0,0,6,6,67,89
2022,KYRGYZSTAN,125,109,82,22,21,0,1,9,9,30,30,94,532
2023,KYRGYZSTAN,79,74,83,38,36,30,61,44,37,35,79,238,834
2024,KYRGYZSTAN,239,219,108,50,32,25,65,21,759,PENDING,PENDING,PENDING,
2018,LAOS,9,7,20,13,39,7,3,23,7,10,16,4,158
2019,LAOS,7,13,22,18,2,6,5,8,11,8,25,4,129
2020,LAOS,8,8,3,0,0,0,0,0,0,0,0,0,19
2021,LAOS,0,0,0,0,0,0,0,0,0,0,0,0,0
2022,LAOS,2,9,4,0,0,1,0,3,3,4,0,3,29
2023,LAOS,17,4,16,2,8,7,6,9,13,6,10,10,108
2024,LAOS,4,13,11,12,18,19,11,9,97,PENDING,PENDING,PENDING,
2018,LATVIA,268,219,261,172,73,73,33,56,124,102,235,324,1940
2019,LATVIA,373,282,274,97,30,25,26,32,51,125,227,314,1856
2020,LATVIA,235,208,155,0,0,0,0,0,0,0,0,0,598
2021,LATVIA,1,13,12,6,3,2,0,2,4,15,106,170,334
2022,LATVIA,192,209,375,67,11,12,12,6,10,39,237,135,1305
2023,LATVIA,171,176,172,59,39,31,31,31,28,99,293,476,1606
2024,LATVIA,750,654,670,146,22,30,30,23,2325,PENDING,PENDING,PENDING,
2018,LEBANON,358,542,561,676,225,365,546,630,367,179,427,645,5521
2019,LEBANON,389,410,576,661,77,184,291,410,287,163,377,479,4304
2020,LEBANON,212,223,48,0,0,0,0,0,0,0,0,0,483
2021,LEBANON,0,6,48,45,16,0,7,6,4,37,126,252,547
2022,LEBANON,87,153,200,305,123,71,108,58,58,88,88,267,1606
2023,LEBANON,111,188,206,616,161,279,321,250,292,268,171,484,3347
2024,LEBANON,155,293,242,671,216,308,283,244,2412,PENDING,PENDING,PENDING,
2018,LESOTHO,0,0,0,4,0,0,2,1,0,0,0,0,7
2019,LESOTHO,3,1,0,0,1,0,1,1,,1,3,2,13
2020,LESOTHO,2,0,0,0,0,0,0,0,0,0,0,0,2
2021,LESOTHO,0,0,0,0,0,0,0,0,0,0,0,0,0
2022,LESOTHO,0,0,0,0,2,1,0,0,0,0,0,0,3
2023,LESOTHO,0,0,0,0,0,2,2,0,0,0,0,0,4
2024,LESOTHO,0,1,3,0,0,0,1,1,6,PENDING,PENDING,PENDING,
2018,LIBERIA,0,0,1,1,4,1,0,0,2,3,0,0,12
2019,LIBERIA,1,0,1,0,0,0,0,3,1,0,0,1,7
2020,LIBERIA,2,0,0,0,0,0,0,0,0,0,0,0,2
2021,LIBERIA,0,0,0,0,0,0,0,0,0,0,0,1,1
2022,LIBERIA,0,1,1,0,1,0,1,0,0,1,0,0,5
2023,LIBERIA,1,0,2,0,0,1,0,0,0,0,1,0,5
2024,LIBERIA,0,1,0,0,0,1,4,1,7,PENDING,PENDING,PENDING,
2018,LIBYA,7,8,8,9,9,13,6,6,8,10,8,5,97
2019,LIBYA,11,8,12,21,8,10,2,3,9,8,11,15,118
2020,LIBYA,6,7,1,0,0,0,0,0,0,0,0,0,14
2021,LIBYA,0,0,0,0,0,0,0,0,1,0,2,5,8
2022,LIBYA,0,8,3,0,0,0,2,0,3,5,0,8,29
2023,LIBYA,4,6,1,4,5,3,3,11,6,3,7,4,57
2024,LIBYA,2,7,0,3,11,4,2,6,35,PENDING,PENDING,PENDING,
2018,LIECHTENSTEIN,5,10,23,10,6,5,13,6,7,6,11,24,126
2019,LIECHTENSTEIN,6,9,13,11,6,1,19,4,4,3,15,17,108
2020,LIECHTENSTEIN,6,15,3,0,0,0,0,0,0,0,0,0,24
2021,LIECHTENSTEIN,0,0,1,1,0,0,0,0,0,2,2,9,15
2022,LIECHTENSTEIN,1,1,5,5,3,0,1,0,0,2,1,8,27
2023,LIECHTENSTEIN,5,6,3,9,10,3,10,2,1,7,8,8,72
2024,LIECHTENSTEIN,7,9,5,10,2,3,10,5,51,PENDING,PENDING,PENDING,
2018,LITHUANIA,382,570,402,241,203,224,163,118,142,231,288,422,3386
2019,LITHUANIA,451,574,399,140,45,51,79,75,72,159,363,385,2793
2020,LITHUANIA,514,397,143,0,0,0,0,0,0,0,0,0,1054
2021,LITHUANIA,0,5,11,2,1,4,2,2,11,60,130,155,383
2022,LITHUANIA,352,555,466,146,50,32,52,29,21,59,195,158,2115
2023,LITHUANIA,278,296,360,223,59,77,113,91,113,226,396,490,2722
2024,LITHUANIA,1015,1601,1219,401,69,73,174,111,4663,PENDING,PENDING,PENDING,
2018,LUXEMBOURG,87,77,112,78,20,17,82,177,41,29,68,79,867
2019,LUXEMBOURG,69,75,85,220,7,10,70,82,14,20,51,58,761
2020,LUXEMBOURG,55,57,26,0,0,0,0,0,0,0,0,0,138
2021,LUXEMBOURG,0,2,2,6,0,0,5,2,0,1,19,43,80
2022,LUXEMBOURG,11,33,24,63,6,5,16,18,8,9,13,27,233
2023,LUXEMBOURG,35,40,39,93,33,14,61,78,35,20,29,62,539
2024,LUXEMBOURG,70,86,104,81,37,13,77,109,577,PENDING,PENDING,PENDING,
2018,MACEDONIA,44,34,34,20,13,15,38,19,26,16,16,35,310
2019,MACEDONIA,28,18,26,19,2,8,7,10,4,7,23,14,166
2020,MACEDONIA,23,20,10,0,0,0,0,0,0,0,0,0,53
2021,MACEDONIA,0,0,0,1,0,0,0,0,1,1,6,7,16
2022,MACEDONIA,3,29,16,7,1,0,0,0,2,4,3,6,71
2023,MACEDONIA,9,15,17,28,4,15,13,9,9,29,16,37,201
2024,MACEDONIA,20,24,16,23,29,10,25,14,161,PENDING,PENDING,PENDING,
2018,MADAGASCAR,5,6,4,8,8,3,8,9,23,3,9,11,97
2019,MADAGASCAR,11,7,3,5,2,6,3,113,42,5,5,5,207
2020,MADAGASCAR,3,21,3,0,0,0,0,0,0,0,0,0,27
2021,MADAGASCAR,0,0,1,0,0,0,0,0,0,0,5,0,6
2022,MADAGASCAR,2,3,4,6,2,9,4,8,3,5,6,10,62
2023,MADAGASCAR,7,7,15,7,9,10,9,8,17,21,13,20,143
2024,MADAGASCAR,13,10,19,7,5,7,28,11,100,PENDING,PENDING,PENDING,
2018,MALAWI,5,1,7,1,3,0,3,1,3,2,2,6,34
2019,MALAWI,6,0,2,2,0,0,2,0,3,4,10,11,40
2020,MALAWI,5,5,2,0,0,0,0,0,0,0,0,0,12
2021,MALAWI,0,0,0,0,0,0,0,0,0,2,0,1,3
2022,MALAWI,0,3,0,0,1,5,0,0,1,0,2,3,15
2023,MALAWI,2,2,3,5,4,2,1,1,2,9,7,4,42
2024,MALAWI,3,0,5,3,4,1,10,2,28,PENDING,PENDING,PENDING,
2018,MALAYSIA,1735,1744,1994,1827,1604,2389,1666,2101,1903,1437,2101,2307,22808
2019,MALAYSIA,1481,2070,1998,995,754,857,1026,1533,1461,1248,1461,1977,16861
2020,MALAYSIA,1399,1400,695,0,0,0,0,0,0,0,0,0,3494
2021,MALAYSIA,1,3,3,8,2,0,2,2,3,44,97,158,323
2022,MALAYSIA,159,147,317,244,153,161,123,135,207,264,350,519,2779
2023,MALAYSIA,496,657,676,735,895,779,915,1207,924,788,1084,1784,10940
2024,MALAYSIA,1096,2250,1721,1277,1204,1384,1596,1571,12099,PENDING,PENDING,PENDING,
2018,MALDIVES,6124,4726,7239,5696,4343,5362,6348,6880,4695,5223,7418,12054,76108
2019,MALDIVES,6004,4931,7802,4655,1610,3350,3875,4930,4304,3934,5850,9033,60278
2020,MALDIVES,4264,2960,2183,0,0,0,0,0,0,0,0,0,9407
2021,MALDIVES,17,13,56,32,73,22,249,341,146,963,1464,2896,6272
2022,MALDIVES,2401,1532,1910,567,849,1130,1207,957,1314,1943,1626,3444,18880
2023,MALDIVES,2203,1818,1774,1596,2438,4080,6286,2596,2287,3862,2420,5968,37328
2024,MALDIVES,2919,3235,1562,2938,8040,5109,3097,3198,30098,PENDING,PENDING,PENDING,
2018,MALI,2,1,0,2,1,0,2,1,1,2,4,1,17
2019,MALI,6,0,5,1,0,0,2,0,1,2,2,0,19
2020,MALI,0,3,0,0,0,0,0,0,0,0,0,0,3
2021,MALI,0,0,0,0,0,0,0,0,0,0,1,1,2
2022,MALI,0,0,1,0,0,0,0,0,0,1,1,0,3
2023,MALI,2,0,0,0,1,1,1,2,2,3,2,1,15
2024,MALI,0,1,1,1,0,1,1,2,7,PENDING,PENDING,PENDING,
2018,MALTA,47,35,68,34,13,14,53,51,56,13,38,87,509
2019,MALTA,105,120,84,53,5,1,39,66,33,24,42,141,713
2020,MALTA,87,40,21,0,0,0,0,0,0,0,0,0,148
2021,MALTA,0,0,1,0,0,0,1,0,0,1,6,9,18
2022,MALTA,8,15,12,34,10,20,5,15,41,10,5,98,273
2023,MALTA,45,28,32,33,17,32,39,77,105,42,37,163,650
2024,MALTA,92,125,125,38,21,14,61,136,612,PENDING,PENDING,PENDING,
2018,MARSHALL ISLANDS,0,1,0,0,1,0,0,1,0,0,1,0,4
2019,MARSHALL ISLANDS,0,1,0,0,0,1,0,0,,0,0,0,2
2022,MARSHALL ISLANDS,1,0,0,1,0,0,0,0,0,0,0,0,2
2023,MARSHALL ISLANDS,0,0,1,1,0,0,0,5,0,0,0,0,7
2024,MARSHALL ISLANDS,1,0,0,0,0,0,0,0,1,PENDING,PENDING,PENDING,
2018,MAURITANIA,1,1,1,0,0,0,0,0,0,0,0,0,3
2019,MAURITANIA,18,2,0,2,0,0,3,0,1,2,1,0,29
2020,MAURITANIA,1,0,0,0,0,0,0,0,0,0,0,0,1
2021,MAURITANIA,0,0,0,0,0,0,0,0,0,0,0,0,0
2022,MAURITANIA,0,1,2,0,0,0,1,0,0,0,1,0,5
2023,MAURITANIA,1,0,1,0,0,0,0,0,0,1,1,3,7
2024,MAURITANIA,0,0,4,1,1,0,0,0,6,PENDING,PENDING,PENDING,
2018,MAURITIUS,56,100,60,40,24,34,72,32,79,28,97,98,720
2019,MAURITIUS,100,50,97,52,4,11,35,35,25,19,25,286,739
2020,MAURITIUS,107,44,19,0,0,0,0,0,0,0,0,0,170
2021,MAURITIUS,0,1,2,0,0,0,1,2,1,3,0,13,23
2022,MAURITIUS,7,14,9,12,7,2,7,3,7,4,17,41,130
2023,MAURITIUS,19,21,28,20,25,29,21,23,29,22,40,194,471
2024,MAURITIUS,48,53,43,59,25,25,33,57,343,PENDING,PENDING,PENDING,
2018,MEXICO,84,87,180,496,72,60,76,68,73,79,112,116,1503
2019,MEXICO,144,133,243,349,33,31,49,53,64,76,96,849,2120
2020,MEXICO,138,181,30,0,0,0,0,0,0,0,0,0,349
2021,MEXICO,0,3,2,1,0,1,0,3,4,10,13,41,78
2022,MEXICO,21,33,43,35,18,12,18,15,13,29,33,64,334
2023,MEXICO,19,40,80,82,46,34,44,45,119,54,82,147,792
2024,MEXICO,96,95,111,155,57,38,44,58,654,PENDING,PENDING,PENDING,
2018,MICRONESIA,0,1,0,0,0,0,0,0,0,1,0,1,3
2019,MICRONESIA,0,0,0,0,0,0,0,0,1,0,0,1,2
2021,MICRONESIA ,0,0,0,1,0,0,0,0,0,0,0,0,1
2022,MICRONESIA ,0,0,0,0,0,0,0,0,0,0,0,1,1
2024,MICRONESIA ,0,0,1,0,0,0,0,1,2,PENDING,PENDING,PENDING,
2018,MOLDOVA,100,56,68,30,18,11,14,23,26,11,42,53,452
2019,MOLDOVA,87,83,82,16,3,15,7,14,20,19,29,74,449
2020,MOLDOVA,120,103,23,0,0,0,0,0,0,0,0,0,246
2021,MOLDOVA,6,7,1,1,0,0,0,0,0,0,12,38,65
2022,MOLDOVA,79,56,14,7,6,2,1,1,6,12,20,37,241
2023,MOLDOVA,66,47,56,25,14,17,13,8,14,14,49,89,412
2024,MOLDOVA,134,166,92,81,8,2,13,11,507,PENDING,PENDING,PENDING,
2018,MONACO,5,7,9,1,1,1,2,8,0,2,1,24,61
2019,MONACO,6,2,2,17,0,0,2,7,1,0,0,5,42
2020,MONACO,0,6,0,0,0,0,0,0,0,0,0,0,6
2021,MONACO,0,0,0,0,0,0,0,0,0,0,1,0,1
2022,MONACO,1,1,4,3,0,0,0,0,0,3,0,31,43
2023,MONACO,2,0,5,6,0,1,0,1,4,0,0,4,23
2024,MONACO,5,11,1,3,0,0,4,2,26,PENDING,PENDING,PENDING,
2018,MONGOLIA,21,9,23,10,6,10,21,8,24,9,22,18,181
2019,MONGOLIA,31,20,37,3,6,4,6,4,11,4,4,37,167
2020,MONGOLIA,20,13,2,0,0,0,0,0,0,0,0,0,35
2021,MONGOLIA,0,0,0,0,0,0,0,0,0,0,0,4,4
2022,MONGOLIA,14,22,0,1,1,1,4,1,4,3,1,0,52
2023,MONGOLIA,2,12,7,20,2,7,11,8,15,18,14,5,121
2024,MONGOLIA,15,6,7,4,8,22,10,1,73,PENDING,PENDING,PENDING,
2018,MONTENEGRO,17,21,14,11,11,24,8,18,17,11,65,14,231
2019,MONTENEGRO,27,9,29,14,5,52,2,23,4,11,14,20,210
2020,MONTENEGRO,33,40,12,0,0,0,0,0,0,0,0,0,85
2021,MONTENEGRO,0,0,0,0,1,0,1,1,0,0,0,0,3
2022,MONTENEGRO,5,13,12,9,2,1,3,1,0,0,7,6,59
2023,MONTENEGRO,20,9,6,10,2,1,1,9,2,6,6,4,76
2024,MONTENEGRO,34,19,17,18,2,3,6,9,108,PENDING,PENDING,PENDING,
2018,MOROCCO,86,101,97,98,31,60,72,127,63,73,81,147,1036
2019,MOROCCO,128,96,147,100,6,44,48,86,69,49,93,165,1031
2020,MOROCCO,125,136,50,0,0,0,0,0,0,0,0,0,311
2021,MOROCCO,0,1,0,2,0,1,1,1,1,7,20,51,85
2022,MOROCCO,29,61,90,23,44,20,19,28,10,24,42,56,446
2023,MOROCCO,47,38,58,65,40,86,81,82,49,45,64,134,789
2024,MOROCCO,62,103,35,131,59,80,87,112,669,PENDING,PENDING,PENDING,
2018,MOZAMBIQUE,2,24,1,2,0,1,3,5,2,4,1,7,52
2019,MOZAMBIQUE,4,4,3,1,0,0,1,5,6,0,3,15,42
2020,MOZAMBIQUE,9,3,0,0,0,0,0,0,0,0,0,0,12
2021,MOZAMBIQUE,0,0,0,1,0,0,0,0,0,0,0,1,2
2022,MOZAMBIQUE,0,2,1,0,2,1,0,0,3,1,2,2,14
2023,MOZAMBIQUE,5,3,3,0,0,1,7,2,1,7,3,2,34
2024,MOZAMBIQUE,2,2,5,1,7,4,1,1,23,PENDING,PENDING,PENDING,
2018,MYANMAR,372,123,172,309,113,127,230,695,159,138,372,431,3241
2019,MYANMAR,248,274,310,159,163,149,185,653,265,199,234,285,3124
2020,MYANMAR,190,214,128,0,0,0,0,0,0,0,0,0,532
2021,MYANMAR,1,4,1,5,2,2,0,3,2,1,9,9,39
2022,MYANMAR,16,23,19,42,16,11,16,10,33,25,14,27,252
2023,MYANMAR,35,36,73,44,90,53,93,355,47,63,138,103,1130
2024,MYANMAR,106,101,110,125,83,117,194,417,1253,PENDING,PENDING,PENDING,
2018,NAMIBIA,5,3,19,6,1,5,0,6,3,3,0,20,71
2019,NAMIBIA,2,5,0,5,0,0,2,1,1,1,6,4,27
2020,NAMIBIA,0,6,0,0,0,0,0,0,0,0,0,0,6
2021,NAMIBIA,0,0,0,4,0,0,0,0,0,1,0,2,7
2022,NAMIBIA,2,0,1,10,3,0,2,0,2,0,1,3,24
2023,NAMIBIA,1,0,0,0,4,1,1,1,2,1,3,3,17
2024,NAMIBIA,3,5,5,3,0,2,6,0,24,PENDING,PENDING,PENDING,
2018,NAURU,0,1,0,0,0,0,,0,0,0,0,0,1
2019,NAURU,0,0,1,0,0,0,0,0,,0,0,0,1
2020,NAURU,0,0,0,0,0,0,0,0,0,0,0,0,0
2021,NAURU,0,0,0,0,0,0,0,0,0,0,0,0,0
2023,NAURU,0,0,0,0,0,5,0,3,0,0,0,0,8
2024,NAURU,0,0,2,0,0,0,0,0,2,PENDING,PENDING,PENDING,
2018,NEPAL,566,401,367,366,472,444,352,444,377,642,391,480,5302
2019,NEPAL,495,467,417,449,331,262,409,398,425,656,509,596,5414
2020,NEPAL,589,560,235,0,0,0,0,0,0,0,0,0,1384
2021,NEPAL,0,1,1,3,2,3,1,4,7,29,65,209,325
2022,NEPAL,100,97,186,94,39,30,25,50,47,90,126,181,1065
2023,NEPAL,292,247,295,226,361,374,375,476,593,632,411,468,4750
2024,NEPAL,625,508,309,284,282,200,382,252,2842,PENDING,PENDING,PENDING,
2018,NETHERLANDS,5061,4739,4532,3989,2051,2350,13342,6182,4049,3222,3320,4323,57160
2019,NETHERLANDS,5101,5126,4864,3523,375,696,6385,3520,2673,1659,2213,2858,38993
2020,NETHERLANDS,3538,3763,1355,0,0,0,0,0,0,0,0,0,8656
2021,NETHERLANDS,18,21,35,52,11,20,72,115,94,242,598,1144,2422
2022,NETHERLANDS,1141,1232,1422,1575,483,423,2053,1021,473,559,649,956,11987
2023,NETHERLANDS,1514,1485,1573,1593,1072,1258,6796,3429,3177,2117,2370,2672,29056
2024,NETHERLANDS,4531,4011,3707,3437,1845,1935,11431,5355,36252,PENDING,PENDING,PENDING,
2018,NEW ZEALAND,989,655,1004,1540,620,1613,1376,1091,923,947,1129,1938,13825
2019,NEW ZEALAND,1067,1070,1437,1483,385,615,1003,993,954,663,930,1863,12463
2020,NEW ZEALAND,1035,987,302,0,0,0,0,0,0,0,0,0,2324
2021,NEW ZEALAND,3,5,7,14,5,6,0,11,3,24,80,167,325
2022,NEW ZEALAND,112,131,246,329,181,153,239,166,186,244,307,572,2866
2023,NEW ZEALAND,394,346,543,627,540,853,734,575,648,561,749,1343,7913
2024,NEW ZEALAND,732,567,1032,1116,664,853,1017,1011,6992,PENDING,PENDING,PENDING,
2018,NICARAGUA,4,0,5,6,1,1,2,0,1,2,3,3,28
2019,NICARAGUA,1,0,3,1,0,1,0,1,0,0,0,4,11
2022,NICARAGUA,0,0,0,0,0,1,1,0,0,0,1,0,3
2023,NICARAGUA,2,1,0,1,1,1,0,0,3,1,1,1,12
2024,NICARAGUA,1,1,1,1,0,1,0,0,5,PENDING,PENDING,PENDING,
2018,NIGER,0,0,0,1,1,0,2,0,1,0,0,0,5
2018,NIGER,0,0,1,0,0,0,0,0,0,0,0,0,1
2019,NIGER,0,0,0,0,0,1,1,0,3,0,1,0,6
2020,NIGER,0,0,3,0,0,0,0,0,0,0,0,0,3
2021,NIGER,0,0,0,0,0,0,0,0,0,0,0,0,0
2022,NIGER,0,0,0,0,1,0,1,0,0,0,0,0,2
2023,NIGER,0,2,0,0,1,0,0,1,1,3,0,0,8
2024,NIGER,0,1,0,1,0,0,0,0,2,PENDING,PENDING,PENDING,
2018,NIGERIA,44,38,42,28,39,22,24,28,47,36,37,27,412
2019,NIGERIA,43,13,16,4,4,5,20,8,17,13,13,16,172
2020,NIGERIA,12,13,0,0,0,0,0,0,0,0,0,0,25
2021,NIGERIA,0,0,0,2,0,0,0,0,1,0,1,7,11
2022,NIGERIA,5,3,3,5,0,0,1,1,1,1,1,6,27
2023,NIGERIA,10,2,3,3,4,15,9,7,6,15,13,6,93
2024,NIGERIA,1,11,3,9,0,1,9,5,39,PENDING,PENDING,PENDING,
2018,NORTH KOREA,0,2,0,0,0,0,0,0,0,0,0,0,2
2019,NORTH KOREA,0,0,1,0,0,0,0,0,34,0,0,0,35
2018,NORWAY,1851,1722,1784,690,511,2272,3067,952,605,821,1090,1852,17217
2019,NORWAY,1906,2053,1278,1246,172,1299,1709,675,522,452,747,1387,13446
2020,NORWAY,1379,1304,336,0,0,0,0,0,0,0,0,0,3019
2021,NORWAY,0,14,21,17,2,32,39,64,56,212,237,447,1141
2022,NORWAY,521,595,768,587,192,1021,757,295,250,257,332,408,5983
2023,NORWAY,698,567,648,487,344,1281,1643,481,547,394,622,1035,8747
2024,NORWAY,1226,1329,1033,548,379,1452,1800,486,8253,PENDING,PENDING,PENDING,
2018,OMAN,842,573,268,306,84,539,2171,965,305,209,310,274,6846
2019,OMAN,564,355,324,282,15,324,890,326,193,162,364,318,4117
2020,OMAN,768,229,48,0,0,0,0,0,0,0,0,0,1045
2021,OMAN,0,0,1,0,0,0,1,11,5,27,69,132,246
2022,OMAN,101,127,93,18,47,35,75,55,26,58,84,157,876
2023,OMAN,183,229,63,64,93,212,427,386,74,77,122,108,2038
2024,OMAN,236,116,28,125,139,322,685,473,2124,PENDING,PENDING,PENDING,
2018,PAKISTAN,2099,1734,1589,1384,1150,1454,1924,1709,1225,1381,1401,2066,19116
2019,PAKISTAN,1543,1496,1081,848,169,521,782,2836,1849,1060,1039,1431,14655
2020,PAKISTAN,1397,1166,502,0,0,0,0,0,0,0,0,0,3065
2021,PAKISTAN,0,13,17,18,9,13,111,456,1225,2042,2612,1004,7520
2022,PAKISTAN,610,691,1256,138,214,279,241,286,421,443,783,898,6260
2023,PAKISTAN,595,724,824,399,580,711,1223,1264,1391,903,962,1168,10744
2024,PAKISTAN,956,1299,941,797,938,1399,1848,1040,9218,PENDING,PENDING,PENDING,
2018,PALAU,0,0,0,0,0,0,0,5,0,0,0,0,5
2023,PALAU,0,0,0,0,0,0,0,2,1,1,0,0,4
2024,PALAU,0,0,0,0,0,0,0,0,0,PENDING,PENDING,PENDING,
2018,PALESTINIAN TERRITORIES,114,65,62,51,52,113,167,163,60,77,74,80,1078
2019,PALESTINIAN TERRITORIES,77,58,74,111,13,55,65,142,67,42,68,99,871
2020,PALESTINIAN TERRITORIES,85,33,10,0,0,0,0,0,0,0,0,0,128
2021,PALESTINIAN TERRITORIES,0,0,1,0,2,0,0,1,3,3,20,38,68
2022,PALESTINIAN TERRITORIES,20,27,55,13,29,21,28,20,15,23,39,76,366
2023,PALESTINIAN TERRITORIES,28,43,25,41,41,65,76,133,40,29,26,43,590
2024,PALESTINIAN TERRITORIES,25,61,8,57,31,81,96,65,424,PENDING,PENDING,PENDING,
2018,PANAMA,5,7,2,10,3,5,0,3,1,5,9,4,54
2019,PANAMA,8,15,0,2,0,1,2,0,4,0,12,1,45
2020,PANAMA,6,8,1,0,0,0,0,0,0,0,0,0,15
2021,PANAMA,0,1,0,0,0,0,0,0,0,0,0,0,1
2022,PANAMA,2,1,0,0,1,2,4,1,1,0,0,0,12
2023,PANAMA,1,4,3,0,1,2,1,0,2,2,3,1,20
2024,PANAMA,4,7,5,3,2,0,3,1,25,PENDING,PENDING,PENDING,
2018,PAPUA NEW GUINEA,5,0,11,7,2,6,8,18,3,3,8,13,84
2019,PAPUA NEW GUINEA,3,0,2,1,1,0,2,6,12,3,33,35,98
2020,PAPUA NEW GUINEA,3,3,,0,0,0,0,0,0,0,0,0,6
2021,PAPUA NEW GUINEA,0,0,0,0,0,0,0,0,0,0,0,2,2
2022,PAPUA NEW GUINEA,0,1,2,1,0,1,2,1,3,1,1,8,21
2023,PAPUA NEW GUINEA,1,3,2,0,,8,1,2,5,3,0,16,41
2024,PAPUA NEW GUINEA,3,1,28,3,0,4,2,5,46,PENDING,PENDING,PENDING,
2018,PARAGUAY,0,0,7,3,0,1,1,2,0,3,2,3,22
2019,PARAGUAY,1,3,2,2,1,0,2,4,2,0,3,2,22
2020,PARAGUAY,6,5,2,0,0,0,0,0,0,0,0,0,13
2021,PARAGUAY,0,0,2,0,0,0,0,0,0,0,0,0,2
2022,PARAGUAY,1,2,0,3,0,0,0,1,0,0,2,1,10
2023,PARAGUAY,2,3,2,3,2,2,4,4,0,3,0,0,25
2024,PARAGUAY,2,2,4,2,2,1,1,0,14,PENDING,PENDING,PENDING,
2018,PERU,27,50,32,32,21,6,20,21,20,20,20,32,301
2019,PERU,33,33,44,39,9,16,17,15,22,18,14,40,300
2020,PERU,30,44,21,0,0,0,0,0,0,0,0,0,95
2021,PERU,0,0,0,1,0,0,0,0,0,0,7,10,18
2022,PERU,11,12,13,9,10,1,3,5,3,4,2,14,87
2023,PERU,8,10,10,14,6,8,21,10,9,9,20,22,147
2024,PERU,24,13,24,42,16,11,16,25,171,PENDING,PENDING,PENDING,
2018,PHILIPPINES,1667,1744,1775,1631,1656,1673,1681,1723,1306,1460,1560,1427,19303
2019,PHILIPPINES,1244,1485,1413,1308,759,998,1102,1121,1372,1285,1329,1174,14590
2020,PHILIPPINES,1199,1890,1160,0,0,0,0,0,0,0,0,0,4249
2021,PHILIPPINES,6,15,8,28,26,6,18,21,31,76,116,178,529
2022,PHILIPPINES,109,157,256,246,160,97,149,125,115,162,149,236,1961
2023,PHILIPPINES,188,262,329,369,300,410,448,468,328,318,296,448,4164
2024,PHILIPPINES,262,440,395,578,395,544,500,465,3579,PENDING,PENDING,PENDING,
2018,POLAND,3254,3195,1676,1163,661,710,1281,1021,1117,1109,2658,2533,20378
2019,POLAND,3840,3302,2653,914,218,284,763,558,702,805,3496,3361,20896
2020,POLAND,5577,4693,1638,0,0,0,0,0,0,0,0,0,11908
2021,POLAND,0,11,45,26,9,2,8,34,20,116,460,1379,2110
2022,POLAND,3185,4315,3315,1391,203,320,344,261,228,307,802,524,15195
2023,POLAND,1269,1118,1507,1129,616,702,999,1029,1599,1418,3343,3217,17946
2024,POLAND,7800,6909,4789,2349,1002,1047,2257,2240,28393,PENDING,PENDING,PENDING,
2018,PORTUGAL,486,581,537,524,191,253,337,653,334,601,574,862,5933
2019,PORTUGAL,452,592,806,673,94,164,243,431,251,312,520,655,5193
2020,PORTUGAL,568,850,184,0,0,0,0,0,0,0,0,0,1602
2021,PORTUGAL,0,4,4,8,1,3,1,6,17,53,141,134,372
2022,PORTUGAL,157,206,341,295,64,128,86,113,95,120,145,156,1906
2023,PORTUGAL,230,268,299,486,155,181,282,368,286,304,557,527,3943
2024,PORTUGAL,487,654,670,530,314,281,351,667,3954,PENDING,PENDING,PENDING,
2018,QATAR,268,75,63,111,53,183,267,379,56,59,51,111,1676
2019,QATAR,65,119,115,220,7,32,115,135,31,41,40,143,1063
2020,QATAR,69,53,7,0,0,0,0,0,0,0,0,0,129
2021,QATAR,0,1,0,2,0,0,0,0,0,7,12,12,34
2022,QATAR,4,17,53,5,55,9,38,9,21,15,18,57,301
2023,QATAR,34,46,67,62,25,145,179,134,23,47,27,33,822
2024,QATAR,41,45,16,99,39,80,156,102,578,PENDING,PENDING,PENDING,
2020,REPUBLIC,,,1,0,0,0,0,0,0,0,0,0,4
2020,REPUBLIC,,,1,0,0,0,0,0,0,0,0,0,1
2020,REPUBLIC OF ZIMBABWE,7,4,1,0,0,0,0,0,0,0,0,0,12
2021,REPUBLIC OF ZIMBABWE,0,0,0,0,0,0,0,0,0,0,1,1,2
2022,REPUBLIC OF ZIMBABWE,6,0,1,0,1,0,0,1,0,0,1,0,10
2018,ROMANIA,935,943,561,469,150,205,211,280,303,349,483,1042,5931
2019,ROMANIA,891,913,679,444,88,129,167,293,209,225,488,937,5463
2020,ROMANIA,785,693,246,0,0,0,0,0,0,0,0,0,1724
2021,ROMANIA,0,2,4,32,2,6,0,20,7,21,145,581,820
2022,ROMANIA,528,776,517,475,50,46,64,117,77,110,146,407,3313
2023,ROMANIA,316,398,340,315,163,148,172,304,166,299,516,955,4092
2024,ROMANIA,853,940,638,655,147,192,264,336,4025,PENDING,PENDING,PENDING,
2018,RUSSIAN FEDERATION,11569,11043,9089,4027,1264,1135,1162,1174,1590,3096,8090,11258,64497
2019,RUSSIAN FEDERATION,13474,13008,12705,3680,844,711,1300,1332,1638,5761,14537,17559,86549
2020,RUSSIAN FEDERATION,19616,20948,8833,0,0,0,0,0,0,0,0,0,49397
2021,RUSSIAN FEDERATION,20,119,197,173,94,33,66,247,304,1328,3520,10793,16894
2022,RUSSIAN FEDERATION,13478,15340,8899,3874,3202,1610,1918,1426,1553,6189,13820,19963,91272
2023,RUSSIAN FEDERATION,25254,29084,25553,14656,7760,7968,8009,6853,7163,10629,24912,29657,197498
2024,RUSSIAN FEDERATION,31159,32030,28016,15103,4384,3412,4578,4351,123033,PENDING,PENDING,PENDING,
2018,RWANDA,1,3,1,0,1,0,1,6,0,1,1,3,18
2019,RWANDA,4,1,3,0,0,4,1,6,0,2,1,3,25
2020,RWANDA,3,6,0,0,0,0,0,0,0,0,0,0,9
2021,RWANDA,0,0,0,0,0,0,0,0,0,0,0,0,0
2022,RWANDA,3,1,0,2,0,0,0,0,0,0,1,2,9
2023,RWANDA,2,0,1,2,3,3,1,1,0,2,2,7,24
2024,RWANDA,1,6,3,2,1,5,4,2,24,PENDING,PENDING,PENDING,
2018,SAINT KITTS AND NEVIS,6,3,4,2,3,0,1,9,3,4,2,10,47
2019,SAINT KITTS AND NEVIS,1,5,5,5,1,6,3,5,3,2,4,4,44
2020,SAINT KITTS AND NEVIS,8,6,1,0,0,0,0,0,0,0,0,0,15
2021,SAINT KITTS AND NEVIS,0,2,0,3,0,0,0,1,1,0,3,12,22
2022,SAINT KITTS AND NEVIS,4,8,3,3,6,2,3,1,1,4,1,10,46
2023,SAINT KITTS AND NEVIS,3,10,9,11,7,12,3,12,3,6,8,10,94
2024,SAINT KITTS AND NEVIS,17,12,10,26,10,10,8,8,101,PENDING,PENDING,PENDING,
2018,SAINT LUCIA,0,2,0,1,0,1,0,1,0,1,0,1,7
2019,SAINT LUCIA,0,1,1,2,0,0,0,0,4,0,1,0,9
2020,SAINT LUCIA,0,1,0,0,0,0,0,0,0,0,0,0,1
2021,SAINT LUCIA,0,0,0,0,0,0,0,0,0,0,1,2,3
2022,SAINT LUCIA,0,0,0,1,0,0,3,2,0,0,1,0,7
2023,SAINT LUCIA,3,0,0,1,0,0,0,1,4,0,2,1,12
2024,SAINT LUCIA,1,1,2,0,0,4,1,1,10,PENDING,PENDING,PENDING,
2018,SAINT VINCENT THE GRENADI,0,0,2,1,0,0,0,0,0,0,0,0,3
2019,SAINT VINCENT THE GRENADI,3,0,3,0,0,0,0,0,,0,0,1,7
2020,SAINT VINCENT THE GRENADI,2,0,1,0,0,0,0,0,0,0,0,0,3
2020,SAINT VINCENT THE GRENADI,0,3,0,0,0,0,0,0,0,0,0,0,3
2021,SAINT VINCENT THE GRENADI,0,0,0,0,0,0,0,0,0,0,2,0,2
2023,SAINT VINCENT THE GRENADI,0,0,0,0,0,0,0,7,1,0,0,0,8
2024,SAINT VINCENT THE GRENADI,0,1,0,0,1,0,1,0,3,PENDING,PENDING,PENDING,
2018,SAMOA,0,0,0,0,1,1,1,0,1,0,0,0,4
2019,SAMOA,0,1,1,0,1,0,0,0,4,0,0,0,7
2020,SAMOA,0,1,0,0,0,0,0,0,0,0,0,0,1
2021,SAMOA,0,0,0,0,0,0,0,0,0,0,0,0,0
2023,SAMOA,0,0,0,0,0,0,0,1,0,2,0,0,3
2024,SAMOA,0,0,0,0,0,1,0,0,1,PENDING,PENDING,PENDING,
2018,SAN MARINO,1,16,7,0,0,2,0,0,1,0,0,1,28
2019,SAN MARINO,4,4,4,0,1,0,0,0,1,1,0,4,19
2020,SAN MARINO,0,3,0,0,0,0,0,0,0,0,0,0,3
2021,SAN MARINO,0,0,0,0,0,0,0,0,0,0,1,0,1
2022,SAN MARINO,0,0,0,0,0,0,0,0,0,0,0,1,1
2023,SAN MARINO,1,1,0,0,1,0,0,3,0,0,2,0,8
2024,SAN MARINO,6,0,0,0,2,4,0,1,13,PENDING,PENDING,PENDING,
2018,SAO TOME AND PRINCIPE,0,0,0,0,0,1,0,0,0,0,0,0,1
2018,SAUDI ARABIA,4397,1065,997,1263,666,5422,8409,6517,1432,1030,849,2656,34703
2019,SAUDI ARABIA,1759,1157,1402,1212,75,1500,2903,2357,985,656,805,896,15707
2020,SAUDI ARABIA,3914,662,179,0,0,0,0,0,0,0,0,0,4755
2021,SAUDI ARABIA,0,0,1,1,7,4,11,36,23,79,693,741,1596
2022,SAUDI ARABIA,1167,861,1397,225,365,281,311,220,118,212,471,324,5952
2023,SAUDI ARABIA,340,365,653,414,372,595,1564,708,331,290,872,293,6797
2024,SAUDI ARABIA,511,549,91,360,213,990,1276,330,4320,PENDING,PENDING,PENDING,
2018,SENEGAL,5,6,4,2,4,3,3,4,3,1,3,2,40
2019,SENEGAL,3,1,6,8,0,1,1,1,2,1,5,5,34
2020,SENEGAL,0,3,0,0,0,0,0,0,0,0,0,0,3
2021,SENEGAL,0,0,0,0,0,0,0,0,0,0,0,0,0
2022,SENEGAL,1,0,0,0,1,3,0,1,1,1,1,1,10
2023,SENEGAL,2,5,2,3,0,1,0,3,4,8,2,2,32
2024,SENEGAL,4,2,0,3,0,1,2,0,12,PENDING,PENDING,PENDING,
2018,SERBIA,285,282,184,123,47,60,89,115,74,74,178,293,1804
2020,SERBIA,202,204,91,0,0,0,0,0,0,0,0,0,497
2021,SERBIA,0,2,9,3,0,3,0,3,3,4,55,80,162
2022,SERBIA,138,158,147,95,7,6,9,13,7,12,27,54,673
2023,SERBIA,144,153,136,172,41,31,63,88,76,82,164,215,1365
2024,SERBIA,314,293,239,222,32,52,91,107,1350,PENDING,PENDING,PENDING,
2019,SERBIA.,274,241,186,140,32,48,60,86,56,47,97,231,1498
2018,SEYCHELLES,0,0,0,411,0,2,0,0,2,0,0,1,416
2019,SEYCHELLES,0,1,0,0,0,0,0,0,0,0,0,0,1
2020,SEYCHELLES,0,77,29,0,0,0,0,0,0,0,0,0,106
2021,SEYCHELLES,0,0,1,5,0,0,1,3,1,5,71,31,118
2022,SEYCHELLES,37,32,16,30,14,9,20,29,27,36,31,66,347
2023,SEYCHELLES,21,7,23,33,30,110,267,243,103,143,103,275,1358
2024,SEYCHELLES,211,149,198,289,117,238,222,327,1751,PENDING,PENDING,PENDING,
2019,SEYCHELLS,0,0,0,0,0,0,0,0,0,0,0,0,0
2018,SIERRA LEONE,1,1,2,1,0,1,3,1,3,3,3,0,19
2019,SIERRA LEONE,1,4,2,0,0,1,8,0,1,0,4,,21
2020,SIERRA LEONE,2,,1,0,0,0,0,0,0,0,0,0,3
2021,SIERRA LEONE,0,0,0,0,0,0,0,0,0,0,1,0,1
2022,SIERRA LEONE,0,0,2,2,1,0,1,1,0,3,0,0,10
2023,SIERRA LEONE,0,2,1,4,0,0,2,1,0,0,1,0,11
2024,SIERRA LEONE,2,2,2,3,0,1,4,3,17,PENDING,PENDING,PENDING,
2018,SINGAPORE,1387,1469,1809,1357,1461,1979,1563,1904,1520,1219,1669,2524,19861
2019,SINGAPORE,1117,1500,1824,1037,464,904,805,1202,1017,959,1161,1881,13871
2020,SINGAPORE,1214,878,453,0,0,0,0,0,0,0,0,0,2545
2021,SINGAPORE,1,0,4,4,11,1,4,12,16,31,167,306,557
2022,SINGAPORE,229,283,489,289,209,222,156,182,262,297,432,720,3770
2023,SINGAPORE,414,486,636,500,691,1164,656,904,759,600,1140,1601,9551
2024,SINGAPORE,804,862,1166,858,914,1284,853,1215,7956,PENDING,PENDING,PENDING,
2018,SLOVAKIA,760,820,896,494,153,145,218,259,205,267,543,529,5289
2019,SLOVAKIA,780,913,763,497,68,69,179,188,171,215,524,577,4944
2020,SLOVAKIA,539,730,244,0,0,0,0,0,0,0,0,0,1513
2021,SLOVAKIA,0,14,26,39,8,6,11,18,21,42,168,311,664
2022,SLOVAKIA,363,515,462,287,66,47,112,50,38,87,199,206,2432
2023,SLOVAKIA,351,515,610,475,172,129,254,227,258,394,617,462,4464
2024,SLOVAKIA,990,1179,945,535,173,163,292,290,4567,PENDING,PENDING,PENDING,
2018,SLOVENIA,380,754,271,453,51,107,428,185,174,417,195,487,3902
2019,SLOVENIA,377,717,297,250,15,59,219,120,106,245,134,387,2926
2020,SLOVENIA,261,463,76,0,0,0,0,0,0,0,0,0,800
2021,SLOVENIA,0,5,2,5,2,0,0,6,5,10,18,38,91
2022,SLOVENIA,68,116,54,106,3,24,80,9,6,33,21,82,602
2023,SLOVENIA,146,184,88,197,25,49,351,154,108,203,195,227,1927
2024,SLOVENIA,275,611,194,338,46,115,417,186,2182,PENDING,PENDING,PENDING,
2018,SOLOMAN ISLANDS,1,0,0,1,0,5,0,3,1,2,0,0,13
2019,SOLOMON ISLANDS,0,0,1,0,0,1,0,0,3,0,0,0,5
2022,SOLOMON ISLANDS,0,0,0,0,0,0,1,0,0,0,0,0,1
2023,SOLOMON ISLANDS,0,2,0,0,0,1,0,0,0,0,1,1,5
2024,SOLOMON ISLANDS,0,1,0,0,0,1,1,1,4,PENDING,PENDING,PENDING,
2018,SOMALIA,9,6,9,5,3,11,6,4,12,4,9,14,92
2019,SOMALIA,15,10,11,11,1,8,6,8,0,1,1,10,82
2020,SOMALIA,5,9,1,0,0,0,0,0,0,0,0,0,15
2021,SOMALIA,0,0,0,0,0,0,0,0,0,1,5,0,6
2022,SOMALIA,1,2,4,1,1,0,0,0,1,5,0,3,18
2023,SOMALIA,3,3,4,3,4,4,6,2,1,12,2,9,53
2024,SOMALIA,6,4,10,8,5,4,6,19,62,PENDING,PENDING,PENDING,
2018,SOUTH AFRICA,588,562,791,742,259,520,598,457,413,354,380,1752,7416
2019,SOUTH AFRICA,870,747,1007,628,152,287,237,305,240,253,440,1966,7132
2020,SOUTH AFRICA,686,544,134,0,0,0,0,0,0,0,0,0,1364
2021,SOUTH AFRICA,0,1,23,31,9,2,3,4,4,26,60,109,272
2022,SOUTH AFRICA,73,161,290,257,64,76,55,51,34,58,125,258,1502
2023,SOUTH AFRICA,125,141,265,315,145,291,232,338,185,232,274,901,3444
2024,SOUTH AFRICA,332,350,548,474,195,349,333,324,2905,PENDING,PENDING,PENDING,
2018,SOUTH KOREA,2493,1359,1398,825,892,963,1444,1583,970,1066,1444,1311,15748
2019,SOUTH KOREA,2140,1606,1214,677,334,623,647,799,745,962,971,1477,12195
2020,SOUTH KOREA,1577,835,87,0,0,0,0,0,0,0,0,0,2499
2021,SOUTH KOREA,0,5,7,2,1,0,2,3,11,76,162,120,389
2022,SOUTH KOREA ,104,117,200,151,63,102,87,111,138,211,237,322,1843
2023,SOUTH KOREA ,450,508,479,469,498,516,628,666,656,604,867,957,7298
2024,SOUTH KOREA ,1677,830,861,637,571,579,1009,698,6862,PENDING,PENDING,PENDING,
2018,SOUTH SUDAN,0,1,0,2,1,0,0,1,5,0,0,7,17
2019,SOUTH SUDAN,0,0,3,0,0,0,0,2,6,0,0,4,15
2020,SOUTH SUDAN,0,1,0,0,0,0,0,0,0,0,0,0,1
2021,SOUTH SUDAN,0,0,0,0,0,0,0,0,0,,0,0,0
2022,SOUTH SUDAN,0,0,0,0,0,0,1,0,0,0,0,0,1
2023,SOUTH SUDAN,0,0,0,0,8,1,3,0,0,1,2,0,15
2024,SOUTH SUDAN,3,1,0,0,0,0,0,1,5,PENDING,PENDING,PENDING,
2018,SPAIN,1388,1680,2452,2072,1002,1516,3357,5782,2926,2178,2604,2251,29208
2019,SPAIN,1838,1771,2380,2760,327,751,2383,4419,1930,1696,2212,2022,24489
2020,SPAIN,1509,1380,496,0,0,0,0,0,0,0,0,0,3385
2021,SPAIN,0,18,36,30,20,10,15,78,182,269,463,894,2015
2022,SPAIN,597,744,1112,1447,692,1027,1499,2148,1091,799,748,991,12895
2023,SPAIN,857,770,1125,1619,857,1229,2751,4455,2414,2488,2673,2667,23905
2024,SPAIN,2004,2036,2706,2166,1369,2081,4224,7262,23848,PENDING,PENDING,PENDING,
2018,SUDAN,59,49,53,37,52,100,115,67,142,24,88,72,858
2019,SUDAN,65,25,44,59,19,34,56,54,89,26,56,57,584
2020,SUDAN,67,40,36,0,0,0,0,0,0,0,0,0,143
2021,SUDAN,0,1,0,1,0,0,2,3,1,1,19,69,97
2022,SUDAN,147,151,156,15,63,21,65,21,36,66,32,45,818
2023,SUDAN,61,37,52,44,31,73,154,88,33,36,145,65,819
2024,SUDAN,54,41,14,68,69,116,122,77,561,PENDING,PENDING,PENDING,
2018,SURINAME,1,3,0,1,1,1,0,5,8,4,4,0,28
2019,SURINAME,1,1,2,6,1,0,0,2,,6,0,1,20
2020,SURINAME,0,3,1,0,0,0,0,0,0,0,0,0,4
2021,SURINAME,0,0,0,0,0,0,0,0,0,0,0,0,0
2022,SURINAME,0,1,0,2,0,0,0,1,0,1,0,0,5
2023,SURINAME,0,0,1,1,0,2,4,5,12,1,1,0,27
2024,SURINAME,2,0,0,3,0,1,2,2,10,PENDING,PENDING,PENDING,
2018,SWAZILAND,0,1,1,9,1,0,2,0,0,0,1,1,16
2019,SWAZILAND,0,0,1,0,0,1,0,0,1,0,0,0,3
2020,SWAZILAND,0,1,0,0,0,0,0,0,0,0,0,0,1
2021,SWAZILAND,0,0,0,0,0,0,0,0,0,0,0,0,0
2022,SWAZILAND,1,2,0,0,0,0,0,0,0,0,0,1,4
2023,SWAZILAND,0,0,0,0,2,0,1,0,0,0,2,5,10
2024,SWAZILAND,2,0,1,0,2,0,3,4,12,PENDING,PENDING,PENDING,
2018,SWEDEN,5586,4533,3109,1073,471,889,1206,665,651,1234,2016,6834,28267
2019,SWEDEN,4692,4739,2660,1288,197,467,574,371,427,869,1274,4906,22464
2020,SWEDEN,3099,3239,723,0,0,0,0,0,0,0,0,0,7061
2021,SWEDEN,0,9,22,19,7,14,29,40,29,98,264,1070,1601
2022,SWEDEN,683,818,725,464,104,304,209,124,145,220,409,892,5097
2023,SWEDEN,871,836,631,509,287,622,560,317,327,617,948,2118,8643
2024,SWEDEN,1921,1903,1331,537,278,568,716,290,7544,PENDING,PENDING,PENDING,
2018,SWITZERLAND,3104,3234,3682,2845,1128,1342,5460,1744,1824,1974,3531,4097,33965
2019,SWITZERLAND,3457,3796,3179,4531,431,818,3421,1311,1304,1453,3559,2721,29981
2020,SWITZERLAND,2508,2924,957,0,0,0,0,0,0,0,0,0,6389
2021,SWITZERLAND,3,33,84,93,45,27,123,152,88,403,698,1225,2974
2022,SWITZERLAND,1186,1495,1243,1647,570,665,2207,695,583,889,832,1248,13260
2023,SWITZERLAND,1769,1812,1660,2091,1208,1334,4329,1483,1638,1608,1970,2654,23556
2024,SWITZERLAND,2951,2888,2522,2557,1345,1291,5089,1856,20499,PENDING,PENDING,PENDING,
2018,SYRIAN ARAB REPUBLIC,19,8,24,32,6,3,2,5,13,25,23,49,209
2019,SYRIAN ARAB REPUBLIC,16,32,19,15,5,13,17,0,24,2,6,3,152
2020,SYRIAN ARAB REPUBLIC,37,16,4,0,0,0,0,0,0,0,0,0,57
2021,SYRIAN ARAB REPUBLIC,0,0,1,1,0,0,0,0,0,1,2,0,5
2022,SYRIAN ARAB REPUBLIC,5,4,1,1,0,1,0,1,0,0,0,1,14
2023,SYRIAN ARAB REPUBLIC,0,1,1,0,2,1,0,0,0,0,0,0,5
2024,SYRIAN ARAB REPUBLIC,2,10,0,7,3,1,0,0,23,PENDING,PENDING,PENDING,
2018,TAIWAN,928,1152,700,607,565,412,924,794,474,465,569,597,8187
2019,TAIWAN,1097,1284,889,600,111,278,364,382,655,520,399,548,7127
2020,TAIWAN,1296,580,109,0,0,0,0,0,0,0,0,0,1985
2021,TAIWAN,0,0,3,5,0,0,2,2,3,6,2,19,42
2022,TAIWAN,13,23,35,16,11,50,16,17,22,24,59,77,363
2023,TAIWAN,151,193,237,244,211,637,411,611,616,761,553,374,4999
2024,TAIWAN,1017,1443,971,451,419,647,645,755,6348,PENDING,PENDING,PENDING,
2018,TAJIKISTAN,25,7,25,8,3,4,4,0,7,6,11,2,102
2019,TAJIKISTAN,7,13,8,4,4,2,1,0,4,5,11,20,79
2020,TAJIKISTAN,18,15,9,0,0,0,0,0,0,0,0,0,42
2021,TAJIKISTAN,0,0,0,2,0,0,1,0,1,7,1,3,15
2022,TAJIKISTAN,28,36,28,0,2,7,1,3,5,6,11,6,133
2023,TAJIKISTAN,27,19,14,9,11,11,11,8,8,23,7,27,175
2024,TAJIKISTAN,18,8,11,10,10,12,11,20,100,PENDING,PENDING,PENDING,
2018,TANZANIA,18,20,16,15,16,29,13,25,10,18,22,25,227
2019,TANZANIA,23,19,18,17,10,19,13,481,193,10,26,36,865
2020,TANZANIA,16,27,9,0,0,0,0,0,0,0,0,0,52
2021,TANZANIA,0,0,0,0,0,0,0,0,0,1,2,4,7
2022,TANZANIA,3,2,16,6,1,3,3,2,2,1,22,24,85
2023,TANZANIA,9,10,9,11,9,8,9,10,18,17,8,23,141
2024,TANZANIA,12,25,15,11,14,18,74,15,184,PENDING,PENDING,PENDING,
2018,THAILAND,785,566,1028,691,745,870,807,823,658,581,593,1031,9178
2019,THAILAND,938,999,983,762,547,480,569,791,611,853,1120,1208,9861
2020,THAILAND,736,927,217,0,0,0,0,0,0,0,0,0,1880
2021,THAILAND,0,2,6,3,3,0,3,5,5,29,62,129,247
2022,THAILAND,72,86,156,123,84,131,84,97,89,210,282,311,1725
2023,THAILAND,279,210,308,406,455,414,633,480,326,394,380,637,4922
2024,THAILAND,505,716,928,834,583,364,483,598,5011,PENDING,PENDING,PENDING,
2018,TIMOR-LESTE,1,3,3,5,1,2,9,16,3,3,1,1,48
2019,TIMOR-LESTE,9,2,3,0,0,0,2,1,,5,2,1,25
2020,TIMOR-LESTE,0,1,0,0,0,0,0,0,0,0,0,0,1
2021,TIMOR-LESTE,0,0,0,0,0,0,0,0,0,0,0,0,0
2022,TIMOR-LESTE,0,0,0,0,0,0,0,0,0,0,0,2,2
2023,TIMOR-LESTE,0,0,0,6,0,6,7,0,11,0,4,0,34
2024,TIMOR-LESTE,4,0,3,6,2,2,0,0,17,PENDING,PENDING,PENDING,
2018,TOGO,3,0,0,2,0,1,1,0,1,2,0,0,10
2019,TOGO,0,1,1,0,0,1,1,0,35,0,0,0,39
2020,TOGO,0,2,0,0,0,0,0,0,0,0,0,0,2
2021,TOGO,0,0,0,0,0,0,0,0,0,0,0,2,2
2022,TOGO,2,0,0,1,1,0,0,0,0,0,0,0,4
2023,TOGO,1,1,0,3,1,1,1,0,0,4,0,0,12
2024,TOGO,0,0,1,0,1,1,0,3,6,PENDING,PENDING,PENDING,
2018,TONGA,0,0,0,0,0,1,2,2,0,2,1,2,10
2019,TONGA,1,0,1,0,0,0,0,2,1,0,2,0,7
2020,TONGA,0,0,0,0,0,0,0,0,0,0,0,0,0
2021,TONGA,0,0,0,0,0,0,0,0,0,0,0,1,1
2022,TONGA,0,0,1,0,0,0,0,0,0,0,0,0,1
2023,TONGA,0,0,0,0,4,0,1,0,1,0,0,0,6
2024,TONGA,1,0,0,2,3,4,1,1,12,PENDING,PENDING,PENDING,
2018,TRINIDAD AND TOBAGO,5,9,10,8,4,9,16,2,7,6,21,8,105
2019,TRINIDAD AND TOBAGO,7,5,45,10,1,4,1,3,7,6,9,14,112
2020,TRINIDAD AND TOBAGO,7,19,0,0,0,0,0,0,0,0,0,0,26
2021,TRINIDAD AND TOBAGO,0,0,0,0,0,0,0,0,2,2,9,3,16
2022,TRINIDAD AND TOBAGO,1,1,3,3,1,0,0,1,1,1,2,8,22
2023,TRINIDAD AND TOBAGO,2,7,6,5,5,4,2,3,2,4,5,10,55
2024,TRINIDAD AND TOBAGO,6,16,14,8,10,7,5,6,72,PENDING,PENDING,PENDING,
2018,TUNISIA,71,62,105,56,29,39,49,45,57,29,66,104,712
2019,TUNISIA,90,77,119,75,8,26,36,43,19,39,68,278,878
2020,TUNISIA,80,45,24,0,0,0,0,0,0,0,0,0,149
2021,TUNISIA,0,0,0,1,0,0,5,0,2,5,13,55,81
2022,TUNISIA,30,36,94,28,38,19,11,11,9,23,23,57,379
2023,TUNISIA,43,39,48,106,27,50,71,46,40,65,45,107,687
2024,TUNISIA,56,136,27,152,57,59,79,54,620,PENDING,PENDING,PENDING,
2018,TURKEY,658,632,365,244,288,169,249,375,181,234,236,631,4262
2019,TURKEY,584,692,444,335,87,161,183,339,152,157,800,1038,4972
2020,TURKEY,1145,813,163,0,0,0,0,0,0,0,0,0,2121
2021,TURKEY,1,3,15,11,9,3,6,8,16,31,65,141,309
2022,TURKEY,174,166,290,176,66,57,57,42,47,61,154,224,1514
2023,TURKEY,362,246,227,289,141,275,251,262,256,349,566,515,3739
2024,TURKEY,717,663,473,910,294,572,403,448,4480,PENDING,PENDING,PENDING,
2018,TURKMENISTAN,15,9,11,3,1,0,13,5,1,8,5,6,77
2019,TURKMENISTAN,1,21,17,6,0,3,1,1,35,1,3,7,96
2020,TURKMENISTAN,9,9,3,0,0,0,0,0,0,0,0,0,21
2021,TURKMENISTAN,0,1,0,0,0,0,0,0,0,0,2,1,4
2022,TURKMENISTAN,2,4,3,2,2,0,3,0,0,4,0,9,29
2023,TURKMENISTAN,4,18,11,13,7,5,11,2,5,9,13,23,121
2024,TURKMENISTAN,11,5,9,8,3,1,14,6,57,PENDING,PENDING,PENDING,
2018,TUVALU,0,0,0,2,0,3,1,0,0,1,0,0,7
2019,TUVALU,0,0,0,0,0,0,0,0,1,0,0,0,1
2023,TUVALU,0,0,0,0,0,0,1,2,0,0,0,0,3
2024,TUVALU,0,0,0,0,0,2,0,0,2,PENDING,PENDING,PENDING,
2018,UGANDA,15,22,5,5,6,5,13,11,6,16,19,13,136
2019,UGANDA,197,5,10,5,13,8,23,14,16,6,25,36,358
2020,UGANDA,16,15,5,0,0,0,0,0,0,0,0,0,36
2021,UGANDA,0,0,0,2,0,0,0,0,1,2,2,2,9
2022,UGANDA,3,1,8,6,3,9,3,2,9,2,4,6,56
2023,UGANDA,9,1,9,4,7,15,27,12,11,16,9,7,127
2024,UGANDA,11,33,15,29,16,13,18,13,148,PENDING,PENDING,PENDING,
2018,UKRAINE,6636,5138,3532,2448,1386,1191,1409,1513,2292,2687,3449,4834,36515
2019,UKRAINE,6481,5353,4239,1224,597,595,768,985,1321,2655,4770,6063,35051
2020,UKRAINE,8549,6072,2155,0,0,0,0,0,0,0,0,393,17169
2021,UKRAINE,1460,845,287,47,18,9,13,20,43,168,565,3562,7037
2022,UKRAINE,7774,5288,401,158,84,77,58,68,69,136,260,544,14917
2023,UKRAINE,884,562,516,326,167,200,185,183,233,305,479,1042,5082
2024,UKRAINE,1485,1193,907,437,203,206,214,203,4848,PENDING,PENDING,PENDING,
2018,UNITED ARAB EMIRATES,336,247,420,291,230,488,1199,1045,279,296,412,542,5785
2019,UNITED ARAB EMIRATES,346,271,590,479,17,130,423,439,138,139,187,369,3528
2020,UNITED ARAB EMIRATES,199,123,30,0,0,0,0,0,0,0,0,0,352
2021,UNITED ARAB EMIRATES,0,0,4,7,6,0,3,0,0,5,60,169,254
2022,UNITED ARAB EMIRATES,64,53,240,51,191,69,112,110,53,74,123,207,1347
2023,UNITED ARAB EMIRATES,101,138,115,169,155,404,576,379,228,190,148,342,2945
2024,UNITED ARAB EMIRATES,219,227,72,378,229,591,836,562,3114,PENDING,PENDING,PENDING,
2018,UNITED KINGDOM,22940,23817,30366,26063,9337,12104,25208,23643,14226,17673,21971,26828,254176
2019,UNITED KINGDOM,26036,29750,29682,24718,2953,4365,13010,14132,8345,8763,16038,20984,198776
2020,UNITED KINGDOM,21138,26348,7969,0,0,0,0,0,0,0,0,0,55455
2021,UNITED KINGDOM,3,79,316,334,149,121,342,489,309,2241,3770,8493,16646
2022,UNITED KINGDOM,7442,10642,12908,11539,3723,3368,9257,6776,2872,4275,4506,7879,85187
2023,UNITED KINGDOM,8483,8575,11053,8743,5987,7981,17482,15035,7504,8454,11526,19265,130088
2024,UNITED KINGDOM,16665,20614,21540,13173,8094,9266,20837,17587,127776,PENDING,PENDING,PENDING,
2018,UNITED STATES,7501,5984,9701,8679,4123,4979,7164,4410,4406,3714,5799,8848,75308
2019,UNITED STATES,7849,9678,12543,4810,1398,2412,2974,4686,2830,2836,4514,12302,68832
2020,UNITED STATES,7494,7803,1545,0,0,0,0,0,0,0,0,0,16842
2021,UNITED STATES,10,75,182,248,153,118,242,311,150,573,1178,2884,6124
2022,UNITED STATES,1829,1855,3114,1872,1368,1647,1469,1105,991,1253,2089,3638,22230
2023,UNITED STATES,2636,2443,5701,3940,3240,3806,4120,3107,2357,2651,4299,8044,46344
2024,UNITED STATES,5712,5709,7617,5574,4082,4023,4962,3539,41218,PENDING,PENDING,PENDING,
2018,URUGUAY,13,3,16,34,6,3,3,8,7,7,9,11,120
2019,URUGUAY,12,13,6,25,5,15,4,8,6,5,8,15,122
2020,URUGUAY,21,11,4,0,0,0,0,0,0,0,0,0,36
2021,URUGUAY,0,0,1,0,0,0,0,0,0,0,3,9,13
2022,URUGUAY,1,6,13,10,1,1,1,2,1,7,3,7,53
2023,URUGUAY,5,4,5,14,5,5,7,7,7,6,6,3,74
2024,URUGUAY,12,16,11,8,20,5,3,4,79,PENDING,PENDING,PENDING,
2018,UZBEKISTAN,69,88,48,24,26,30,70,36,74,40,44,47,596
2019,UZBEKISTAN,66,51,77,37,16,22,34,30,19,34,35,118,539
2020,UZBEKISTAN,74,108,35,0,0,0,0,0,0,0,0,0,217
2021,UZBEKISTAN,0,5,10,5,5,1,6,0,0,6,15,52,105
2022,UZBEKISTAN,85,382,563,32,15,21,13,12,13,32,30,44,1242
2023,UZBEKISTAN,152,383,58,25,26,33,48,39,52,68,51,242,1177
2024,UZBEKISTAN,402,70,71,57,32,42,64,28,766,PENDING,PENDING,PENDING,
2018,VANUATU,0,1,1,4,1,3,2,2,1,1,1,0,17
2019,VANUATU,0,1,1,1,0,0,0,0,2,1,0,0,6
2020,VANUATU,5,1,0,0,0,0,0,0,0,0,0,0,6
2021,VANUATU,0,0,0,0,0,0,2,0,0,1,3,0,6
2022,VANUATU,1,0,0,0,0,1,0,1,0,2,2,3,10
2023,VANUATU,1,2,6,5,3,2,4,3,2,2,4,7,41
2024,VANUATU,1,2,6,4,2,13,6,9,43,PENDING,PENDING,PENDING,
2018,VATICAN CITY,0,0,0,0,0,0,0,0,0,0,0,0,0
2018,VENEZUELA,12,18,18,40,16,11,11,33,11,18,13,26,227
2019,VENEZUELA,33,27,19,22,2,7,16,13,8,4,8,17,176
2020,VENEZUELA,13,17,3,0,0,0,0,0,0,0,0,0,33
2021,VENEZUELA,0,0,0,0,0,0,0,0,1,1,2,4,8
2022,VENEZUELA,4,2,8,4,1,1,2,0,1,3,2,2,30
2023,VENEZUELA,4,5,14,18,3,8,9,15,1,5,11,13,106
2024,VENEZUELA,3,17,19,25,6,11,8,9,98,PENDING,PENDING,PENDING,
2018,VIETNAM,237,380,330,342,269,212,241,298,222,272,200,186,3189
2019,VIETNAM,189,388,499,151,107,117,199,197,211,192,206,187,2643
2020,VIETNAM,287,325,97,0,0,0,0,0,0,0,0,0,709
2021,VIETNAM,0,0,5,2,5,0,1,1,2,4,8,24,52
2022,VIETNAM,17,40,46,83,34,43,22,46,41,52,37,58,519
2023,VIETNAM,117,103,284,141,233,192,195,238,154,113,335,202,2307
2024,VIETNAM,166,270,304,235,290,237,279,293,2074,PENDING,PENDING,PENDING,
2018,YEMEN,126,69,64,62,62,156,249,244,57,76,74,128,1367
2019,YEMEN,91,54,59,87,8,42,125,400,104,48,49,47,1114
2020,YEMEN,116,38,19,0,0,0,0,0,0,0,0,0,173
2021,YEMEN,0,0,0,2,2,0,0,1,0,4,26,21,56
2022,YEMEN,24,26,36,3,17,13,13,21,6,8,41,21,229
2023,YEMEN,22,26,28,22,25,23,55,83,31,52,34,44,445
2024,YEMEN,29,65,11,26,14,43,73,45,306,PENDING,PENDING,PENDING,
2018,ZAMBIA,2,7,12,3,6,5,11,5,6,8,45,9,119
2019,ZAMBIA,11,2,9,2,0,1,5,4,3,4,15,14,70
2020,ZAMBIA,16,5,2,0,0,0,0,0,0,0,0,0,23
2021,ZAMBIA,0,0,0,0,0,1,0,0,0,0,0,0,1
2022,ZAMBIA,1,1,1,0,2,1,0,0,1,2,1,16,26
2023,ZAMBIA,6,7,4,6,3,2,5,4,3,4,1,6,51
2024,ZAMBIA,1,3,6,1,2,1,0,3,17,PENDING,PENDING,PENDING,
2018,ZIMBABWE,10,19,27,11,16,9,46,19,35,12,17,26,247
2019,ZIMBABWE,21,13,25,29,9,4,12,13,7,19,11,37,200
2020,ZIMBABWE,11,21,14,0,0,0,0,0,0,0,0,0,46
2021,ZIMBABWE,0,0,0,0,0,0,0,0,1,0,2,4,7
2022,ZIMBABWE,19,3,7,6,13,3,5,0,0,1,5,7,69
2023,ZIMBABWE,7,4,10,16,10,9,16,14,10,10,14,37,157
2024,ZIMBABWE,36,12,25,16,11,14,13,11,138,PENDING,PENDING,PENDING,
